,id,content
0,moviedata2/sm17961470.jsonl,きくお 幸福 鬱くしい 好き 地獄 天国 綺麗 歌詞 ミク ダブステ 中毒 サビ 世界観 ダブステップ 心中 調教 gj 成功 幸せ 一時停止
1,moviedata2/sm12419220.jsonl,シンジ もこう ポケモン 厳選 先生 廃人 ゾロア ポカブ つり マジレス 孵化 うそなき 論破 釣り ゲーム 野生 もこ 安定 ネタ リモ
2,moviedata2/sm5430176.jsonl,アリス レン 不思議 番目 おk リン ミク カイト 真っ赤 一時停止 メイコ 薔薇 kaito ルカ 成功 双子 罪人 gj 女王 meiko
3,moviedata2/so15281450.jsonl,アイマス ナンバーワン うたプリ 美希 ここ 周年 公式 op akb ラブライブ 職人 みき 春香 なんば すき アイドル ready アニメ 雪歩 no
4,moviedata2/sm2069100.jsonl,勉強 テスト 明日 集中 休憩 数学 レポート 時間 今日 みんな 英語 あと 課題 徹夜 風呂 がんばろう ページ 仮眠 ノシ 作業
5,moviedata2/so23867610.jsonl,くっすん えみつん うっちー りっぴー ジョルノ みもりん bibi ラブライブ 宮田 ライバー 衣装 th しかこ ちゃん pile ライブ ことり ダンス 野菜 スノハレ
6,moviedata2/sm19817730.jsonl,波紋 ジョジョ ディオ ジョナサン スピードワゴン ナイフ 石仮面 紳士 疾走 スト様 ナサン 着地 説得 爆発 解説 イギリス 罪悪感 ワサビ ダイアー 天国
7,moviedata2/sm16601690.jsonl,幸運 セイバー ギル マスター ランサー 士郎 魔力 エミヤ チート サーヴァント ライダー ステ バーサーカー うんこ ハサン ランク 英霊 最強 キャスター ステータス
8,moviedata2/sm17241370.jsonl,日笠 クニ かお きた 上着 ポテト タダ いかん ゃひ ぇっ 杉田 半額 はふ 文學 ヒデ 文学少女 カァァ むふ 人違い げんちょ
9,moviedata2/so27026038.jsonl,えみつん うっちー 衣装 くっすん りっぴー コール みもりん ジョルノ ちゃん ライブ th キラセン 日目 きた 宮田 ぱい スノハレ 昭和 pile bibi
10,moviedata2/sm5600850.jsonl,nayuta ダスキン フラン 原曲 あたい 歌詞 エコノミー オーエン 宣伝 アレンジ ひいろ ケチャップ 葉月 pv 緋色 東方 血肉 げっか 月下 中毒
11,moviedata2/sm24957940.jsonl,ヒガナ 想像力 ポケモン レックウザ 赤字 ファルコム bgm テーマ メガシンカ シガナ キャラ ここ 好き ポケダン カガリ もこう 厳選 そう kh ゴリラ
12,moviedata2/sm13722470.jsonl,お父さん 杏子 まどか 右クリック ほむほむ うさぎ コピー ラーメン マミさん 名塚 マミ あんこ 男子トイレ おk ホンミョンボ マミった 魔法少女 妖精 親父 なのはさん
13,moviedata2/sm10306280.jsonl,ロクデナシ 黄色 勉強 ろくでなし 音質 イヤホン 告白 ピンク 明日 宿題 覚醒 ヘッドホン コメ リア充 合格 gj 大阪大阪 オレンジ ブニ badapple
14,moviedata2/sm27137010.jsonl,クリボー コース レト レトルト クッパ ブロック マリオ 意地悪 ステージ キック クリア 察し 海の幸 隠し キノコ 孔明 にょう ニャロメロン 怨念 ボー
15,moviedata2/sm24106810.jsonl,ur 姫ちゃん ドブ ちん かよ ちゃん まきちゃん 編集 りん sr マキ ことり のんたん わし 矢澤 リリホワ きた まっき 扱い 出来レース
16,moviedata2/sm22887980.jsonl,魔理沙 霊夢 咲夜 妖夢 早苗 サックス れいむ トランペット 咲夜さん 楽器 gj ドラム みょん ベース 演奏 早苗さん 扇風機 mmd ブラボー フルート
17,moviedata2/sm841041.jsonl,ヒトカゲ 鈍痛 イワーク かっけ ピコーン ピコン げる ライバル レベル ひっかく 光線 lv 人影 ポケモン ギター タケシ タブ譜 うめ 初代 バタフリー
18,moviedata2/sm18682960.jsonl,みかちゃん まふまふ sim 天月 あまつき ハッヤッホッタァー ハイッ ソーラン コニー ゆう十 im ims チャイナ ms imim 凹回 ワンリーホン smi こにたん isms
19,moviedata2/sm5664150.jsonl,スザク ルル ギアス ルルーシュ うまい棒 クラピカ すざく ババサレ ウザク おまw ブリキ お前 じゃがいも 疑義 おまえ ランスロット 変態 ジャガイモ haha サレ
20,moviedata2/so21334230.jsonl,てーきゅう なすの ヤマノススメ なす cm 先輩 宣伝 高宮なすの 悶絶 テニス 半分 察し ファッ エロ 本編 アース アニメ アカン 爆死 うどん子
21,moviedata2/sm1842140.jsonl,ドラム ほう マリオ シンバル 藤村 プロ 藤やん dk バスドラ ドラマー 藤村d タム アシックス ツインペダル ツーバス バス 下手 セット アンパンマン かっけ
22,moviedata2/sm31978460.jsonl,ピカチュウ ピカ レオモン イーブイ ケンタロス シゲル サトシ ポケモン 小栗旬 ピジョン アニメ テンポ オダマキ まっさら トキワの森 オーキド タケシ コイキング 御三家 テレファング
23,moviedata2/sm20900240.jsonl,きた 映画 好き デジモン なっつ なつい 世代 初代 ドラえもん アニメ ジラーチ ed 大人 犬夜叉 一番 コナン ころ op ミニ四駆 ティガ
24,moviedata2/sm22078450.jsonl,レト レトルト キヨ 論外 マッハ タグ ケンタロス pp フラグ ピカチュウ バッタン クイズ ドッスン カポエラー キャラメル ぴぃぴぃ グラバト レトルトボコボコシリーズ バッタ わからん
25,moviedata2/sm13850060.jsonl,タグ チェロ 右クリック ホルン ハープ qb バス コピー あたし シンバル 契約 魔法少女 ラスボス まどか 指揮者 フィナーレ オーケストラ gj 最終回 弾幕
26,moviedata2/sm2120510.jsonl,本気出す 本気 輝夜 えーりん orz neet ニート ぐー 蓬莱 愚民 幻想郷 姬樣 輝代 幻想 てるよ 歌詞 市場 東方 明日 二次元
27,moviedata2/sm7831420.jsonl,お父さん 親父 耳コピ 華麗 かっけ パパ 父さん おやじ わんこ 自慢 オヤジハンパナイツ オヤジ クリーン ピッキング タグ 倍速 ギター ベンチャーズ キングパパ gj
28,moviedata2/sm334140.jsonl,職人 歌詞 あなた 獅子 whatshouldwedofortheworld 子安 見果てぬ夢 愛と誠 dd 嵐ヶ丘 アリプロ きた いつか illgivewishtoallthepeople 目覚め モコガレツツ よう グランギニョル まほろば 好き
29,moviedata2/sm16620130.jsonl,ブロリー しまじろう 破壊 デデーン ドラゴンボール 古館 ヤギ 血祭り トリッピー クズ ぇい バータ やぎ ドm グルド 笑顔 ジド パラガス 一星 みりん
30,moviedata2/sm6194690.jsonl,ホワァ you つなぎ the th 空耳 ing to me けーね now in ea on is he ni nt it 歌詞
31,moviedata2/sm23313490.jsonl,姫ちゃん まきちゃん まき まきまき pile hshs 天使 きた 西木野真姫 好き sr 最高 太もも ur かきくけこ むね 覚醒 診察 ノーブラ ヤバい
32,moviedata2/sm5206740.jsonl,インデックス 先生 上条さん rec ステイル 合法ロリ 小萌先生 不幸 上条 ベランダ 長門 安全ピン ヒロイン フラグ 名言 インなんとかさん イン 子萌 事後 ロリ
33,moviedata2/sm7564290.jsonl,きた nhk アニメ なつい デジモン 好き ed 作業 進化 無限大 神曲 なっつ 漫画 きたあ ktkr キター op なつ 大好き ジョグレス
34,moviedata2/sm36676440.jsonl,りんご 山形 草草 さくらんぼ ノルマ リンゴ フル ノルマ達成 ろう 芋煮 スレマ ここ バンドリ 素材 歌詞 辻野あかり 公式 職人 語彙力 青森
35,moviedata2/sm27998129.jsonl,カラ松 トッティ 一松 カラ子 十四松 チョロ松 カラ ここ クロス あーむ 看病 兄さん トド子 おそ松 トド松 中村 エコー おまいう 十四子 座り方
36,moviedata2/sm18393920.jsonl,インド よう 合格 oc 繁栄 衰退 ストレート ミリオン テスト 明日 受験 祈願 ドド インド人 元気 カレー 完全に一致 ワワ 高校 願い
37,moviedata2/sm2074910.jsonl,パチェ ピンク 好きだ 魔理沙 パラッパ 中国 パチュリー 公開処刑 フラン パチュ ja ぱちゅ アコーディオン jaoo うめ rec うめぇ 日陰 wwjaoo full
38,moviedata2/sm2024200.jsonl,白石 たまちゃん ジャイアン のらみみ 谷口 広橋 チョイス 灰羽 赤坂 山ちゃん 大運動会 般若 小野d ほっちゃん ゴトゥーザ様 ゆかりん きた 梨花 みなみけ ゴットゥーザ様
39,moviedata2/sm19856000.jsonl,mssp fb きっく ギター 歌詞 ミリオン マイクラ ミク ジェットコースター 作詞 トロッコ mod コースター 感動 テクスチャ 最高 綺麗 ここ 調教 gj
40,moviedata2/sm20540100.jsonl,ブニ 世界一 シーザー ザァ うれ 負け犬 波紋 なのだ 吉良 シュート gj ツェペリ スト様 jojo ジョジョ ハッピー カーズ 砂嵐 サンタナ 考えるのをやめた
41,moviedata2/sm22427120.jsonl,駄菓子屋 れんちょん れんげ おしゃぶり 赤ちゃん モーション ガラガラ シネ 育児 にゃんぱすー 世話 ミルク 赤ん坊 爆弾 田舎 かげ ヘルウルフ キルミー セミ のん
42,moviedata2/sm19650590.jsonl,万能 マリオ 波紋 マリク マミさん 解説 spw 静か ジョジョ マジカ ゾンビ 石仮面 ed スピードワゴン 中の人 キラークイーン フラグ wwedww ザワールド バァーン
43,moviedata2/sm1105481.jsonl,炊飯器 スカイフィッシュ ワンカップ 黒子 かっけ 自演 ポケモン 鳥の詩 こうか うめ 炊飯ジャー ばつぐん まさこ ピカチュウ イル ギター 国歌 国家 エコノミー うめぇ
44,moviedata2/sm4902040.jsonl,ギター シェクター 嫉妬 ストラト shige アレンジ かっけ レスポール プロ 批判 長門 海賊 perfect rec うめ スウィープ 下手 ワウ エアーマン 演奏
45,moviedata2/sm15177710.jsonl,ティロフィナーレ さやか まどか wさやか 杏子 マミさん ウェヒヒ あんこ qb ドm スカウター マミ ひで 最高 俳句 脅迫 モザイク 名前 どm 上条
46,moviedata2/sm24142327.jsonl,ヘリ taxi 司令官 タクシー コンボイ カプコン ボンネット オプティマス ペプ エアーウルフ ほむら 上の クッキングパパ 自転車 ほむほむ 警察 シライ フロイド 赤字 テコ
47,moviedata2/sm16777840.jsonl,fb パイパン きっく チャージャー wwfb ゾンビ 回復 火葬 下ネタ 生産 クリア タンク wwfbww ガトリング くん 火の海 天災 皮肉 チャーハン カオス
48,moviedata2/sm13125230.jsonl,バター ビュティ ボーボボ ボーボ 子安 土足 プルコギ イイハナシダナー 私市 チューニング 小野坂 大会 茶番 ワープ 優勝 ひで メタナイト お前 パッチ 王手
49,moviedata2/sm18274165.jsonl,終端 サンホラ 騎士 鳥肌 zero 少年 後半 ライダー 円卓 fate 地平線 前半 シンクロ率 シンクロ mad 正義 歌詞 gj ここ ケリィ
50,moviedata2/sm33086310.jsonl,コナン op 名探偵コナン 好き 赤井 ここ 作画 安室 映像 すき zard バーボン オトナ 予算 キッド ガネクロ ターボ 頭脳 daigo 事件
51,moviedata2/sm35613470.jsonl,みつりん 義勇 しのぶ 一郎 煉獄 南無阿弥陀仏 伊黒 好き好き好き 実弥 のぶし 派手 つり 冨岡 すき 天元 呼吸 みつ わっしょい 日野 ろうむ
52,moviedata2/sm22573210.jsonl,レト キヨ pp デデ レトルト あけおめ ベジータ わさん クリスタル wwpp メタ ワープ 仲良 レトルディ 無言 犠牲 捨て身 ナイス ワド カービィ
53,moviedata2/sm10521100.jsonl,シー ディズニー ダッフィー きた パコ ここ ミラコスタ tds ランド ミッキー ストームライダー タワテラ ノシ アリエル fp 好き 写真 インディ カレー 作業
54,moviedata2/sm27509317.jsonl,ヤバ 一松 ヤバイヤバイヤバヤバーイ 屋台 ヤバイヤバイヤバヤバーイヤバイヤバイヤバヤバーイ 触手 glay カラ松 やた チョロ松 ヤバい ヤバーイヤバイヤバイヤバヤバーイヤバイヤバイヤバ ヤバイヤバイヤバヤバイ 十四松 関節 ヤバイヤバーイヤバヤバーイ ヤバーイヤバーイヤバヤバーイ 無味 バイ ロック
55,moviedata2/so20811229.jsonl,えみつん くっすん みもりん うっちー しかこ りっぴー ことり シカコ pile リリホワ bibi りんりん ダンス カメラ 昭和 衣装 ちん 省エネ ロード きた
56,moviedata2/sm24089090.jsonl,れんちょん 駄菓子屋 天才 田舎 ほたるん のん 豚汁 にゃんぱすー こま 兄貴 ここ なっつ あるある ピーマン れんげ タニシ ファンキー ヨモギ キリン 蓮華
57,moviedata2/sm27264240.jsonl,fb マリオ きっく ピーチ 天然 サイコパス サーチライト 先生 明太子 ドンケツ ファービー あい エネル 組み立て 好き 情熱 空島 おかわ どんけつ ブイブイ
58,moviedata2/sm1261860.jsonl,卒業式 合唱 合唱コンクール 東方 伴奏 神居 旅立ち アルト 久石 中学 たち 歩こう 優勝 最高 クラス 今年 阿吾 コン 金賞 小学校
59,moviedata2/sm20615010.jsonl,レン ミク マリオ レンミク gj リズム天国 五月病 さつき ミクレン リン みく wktk internet オネショタ ななひら 発音 パンツ nhk れん さつきがてんこもり
60,moviedata2/sm14922560.jsonl,fb きっく wwfb アルカード デス様 ミミック 公開処刑 武器 ジャンプ デス wwfbww まさむね 回復 玄武 ヤンデレ 下手 染物 レライエ 骸骨 神回
61,moviedata2/sm21142930.jsonl,ハヤシ ワキ ラティ マンダ バンギ 乱舞 ホモ バンギムドー アヘェ 下ネタ もこう ゴツメ bgm ムドー 読み 初手 月光 大会 おk カゴ
62,moviedata2/sm24168180.jsonl,息子 ゴール 無傷 アブ 収納 セグウェイ イケボ 老後 げら ddq おじいちゃん ゾンビ せんべい おお足 会社 モゲラッタ スイス ドーンオブザデッド カプコン バリアフリー
63,moviedata2/sm18220165.jsonl,まらしぃ マチス ピカチュウ ピアノ ポケモン 初代 カツアゲ 倍速 ポッポ まぐま 賞金 楽譜 gj ボルト まら レッド ばつぐん 相手 しぃ こうか
64,moviedata2/sm27155810.jsonl,ヨッシー でっていう コース まーさ ヨッ キヨ レトルト やた マリオ ステージ クッパ 意地悪 レト 逆襲 トゲゾー 牛沢 犠牲 クリア たまご 自爆
65,moviedata2/sm23134050.jsonl,清水 ひじき レンレン レン じきひ ぁっきん 着席 ふぁ クプラ きん 起立 アルス アルスマグナ ギガ 男子 草食系男子 たんぽぽ 田中 中毒 目薬
66,moviedata2/sm24752440.jsonl,レト キヨ レトルト 茨城 カプセル ドンキー コイン マス イルマニア 道民 レトボコ pp 有利 好き マリパ スター 自爆 ひゃく マリオストーリー 応援
67,moviedata2/sm28345520.jsonl,カスマ カズマ めぐみん uc wc クズマ なん トイレ パンツ 流れ 童貞 ノーパン ジョロ ヒキニート スティール はいてない 花瓶 銀様 音姫 結果発表
68,moviedata2/sm13715450.jsonl,長門 キョン 朝倉 ハルヒ みくる 古泉 谷口 消失 有希 ここ 面体 統合 消失長門 改変 世界 シーン キミドリ 朝比奈 入部 部屋
69,moviedata2/sm27283474.jsonl,畜生 洗脳 カサ ヤクルト 人間 奈緒 ハタ 案件 靭帯 ユッキ 石山 球団 キャッツ 模様 優勝 畠山 定評 cs 悲報 みたい
70,moviedata2/sm10086900.jsonl,ラブカス 相手 急所 メロメロ 攻撃 しっぽ 交代 安定 もこう フローゼル 荻野 まもる ゅちゅ 挑発 タスキ ドサイドン 先生 ダブル スカーフ カス
71,moviedata2/sm29284620.jsonl,怠惰 レム スバル 魔女 ペテルギウス ブニ ペテ だたい イケボ ペテ公 オレオ ニブ すばる レムー ラム 教徒 レムりん 見えざる手 クーン 京都
72,moviedata2/sm21440120.jsonl,キヨ 初見 eco 小説 ヴィオラ ブニ 佐藤 くま ネタバレ 牧場 それ 注意 アメブロ 魔女 チェリー 血肉 そっち 黒猫 北海道 薔薇
73,moviedata2/sm13406580.jsonl,神曲 なつい きた 画像 アニメ ktkr うp主 アニソン キター 顔見知り 好き 名曲 デジモン なっつ ジャンヌ けいおん なつ 真っ赤 奈々 国歌
74,moviedata2/so19124990.jsonl,てーきゅう ルーツ テンポ テニス 防弾チョッキ ファッ 先輩 ラバーカップ なすの ガット ナン みもりん アニメ 宣伝 カリビアン 高宮なすの 資本主義 無料 cm あのさぁ
75,moviedata2/sm7539110.jsonl,のりお ロゼッタ クッパ よう マリオ りお やまもと キャロット ピーチ 抱き枕 吐血 マザコン ギャラクシー マントル 古泉 マリオストーリー バブルス 人数 ゲーム ディスコ
76,moviedata2/sm21075820.jsonl,澤野 タイトル ミカサ 予約 巨人 駆逐 曲名 テーマ エレン きた xl サントラ 兵長 おまけ アミーゴ トーマス ギルクラ シーン ジャン アルミン
77,moviedata2/sm8229390.jsonl,アレンジ リメイク カントー ミルタンク 金銀 rr ライバル かっけ レッド 壮大 きた gb ポッポ ポケモン バンギラス 野生 初代 好き アラビア ここ
78,moviedata2/sm278840.jsonl,とかち とかちつくちて 妊娠 大西ライオン ずみ ll wj jj メーター よし かっけ wwj 組曲 うめ アイマス 良純 うめぇ 神谷 jjj ゴム
79,moviedata2/sm9014310.jsonl,じじい レッド サカキ アルセウス シロナ シャンクス ギラティナ スナッチ フェイント ヒカリ ボール ムーンウォーク イベント 実写 ワタル ギエピー 本人 じいさん 呪い ルギア
80,moviedata2/sm17536640.jsonl,ia miki 石風呂 壮大 gj いなせ jg wktk ガール 好き 風呂 大帝 間奏 光明 調教 gjgj kanso ちゃん 本物 かんそ
81,moviedata2/sm22427900.jsonl,駄菓子屋 れんちょん おっさん れんげ タニシ のん カレー 後ろ うち 天才 お餅 弾幕 おんぶ かげ カット 泣き落 猫パンチ 母性 テロリスト ぐぬぬ
82,moviedata2/sm25291060.jsonl,サスケ サクラ ナルト カカシ 戦闘シーン 洗濯 木の葉 オレオ シーツ イタチ ここ 戦闘 ガイ シーン タンク サスケェ タユヤ 大蛇丸 カット 卑劣
83,moviedata2/sm19216490.jsonl,b子 猿の手 dd カゲプロ ニセモノ ちゃん パクリ 好き 綾鷹 猿マネ 小説 こみね モンキー 化物語 a弥 ia 終焉 ヤンデレ じん wd
84,moviedata2/sm1594970.jsonl,マリオ まち ラリオ トルコ 移調 こっち くん 気持ち 時間 ハ長調 転調 オクターブ キノコ あっち テンション ゲームオーバー タイムアップ 絶対音感 タグ ト長調
85,moviedata2/sm29142390.jsonl,クロエ ケイト マックス ショーン デイビット デイビッド プレイ ウォーレン ネイサン すべ ピエロ 自撮り ザッキー クレヨン 皮肉 純一 ドルジ ビクトリア お前 ドル
86,moviedata2/sm8157950.jsonl,ぷよ 連鎖 小鳥 千早 ジラース 解説 絨毯 積み チキショウ 理解 究極 フヒ ピヨ 初代 わからん 起爆 gtr こと ネタバレ きた
87,moviedata2/sm311320.jsonl,裏声 ゴム wj 休憩 サラダ ファルセット 米良 うめ アクエリオン 高音 wwj 鳥肌 うまい アイマス うめぇ きもい ずみ 必死 キモイ 蒼い鳥
88,moviedata2/sm27636229.jsonl,おそ松 カラ松 一松 チョロ松 ループ 十四 ハイハイハイ トッティ トド松 これでいいのだ スプラトゥーン 仕事探し スプラ トッティー あいあい トド 就職 オソマトゥーン おそまつ アオリ
89,moviedata2/sm22001720.jsonl,キユ ユキちゃん ユキ 着物 想太 gj イカ いかん コミ ミリオン だめ 好き アイコン 遠くへ 早足 ぼく 歌愛ユキ 歌詞 最終便 お盆
90,moviedata2/sm20466740.jsonl,エミュ 実況 きた ゴリラ メルヘン pyou ミュウ 禁止 真っ赤 コイン 調子 ポケモン ブランク フラグ トサキント 新ネタ ピップー にいちゃん ばんど 割れ
91,moviedata2/sm2588210.jsonl,上様 バックダンサー 職人 マツケン 万石 吉宗 閣下 藩主 歌詞 成敗 リボン orz 二階 将門 瓦版 ラブリー 天海春香 appeal 目安箱 享保の改革
92,moviedata2/sm27544320.jsonl,ロミオ gm サッチャー 平林 浮気 貧乏 運動 森島 みゃー 商店 純一 綾辻 疎遠 美希 チャンス いってらっしゃい 放課後 マイルド 世間話 厄日
93,moviedata2/sm15751190.jsonl,メカクシ カゲプロ 完了 ヒビヤ 弾幕 陽炎 終戦記念日 カゲロウデイズ 月日 秋山完 ミリオン 高林 じん ヤヒ ヒョ ヒヨリ ビヤ ヒビ 拍手 来年
94,moviedata2/sm24438970.jsonl,ミク がく 黒幕 小説 村娘 レン 舞台 gumi リン ここ night 主役 現実 人形 台本 カイト 本物 偽物 リンレン 世界
95,moviedata2/sm25801570.jsonl,ゾンビ マイクラ 犯人 きっく 原始人 fb スク水 感染 ゲーム mssp ぼっち シュール スルー びっくり ld はしご もぐら パクリ そう 繊維
96,moviedata2/sm12772660.jsonl,フラグ 阿部 アッー ラルフ ライオン やらないか たかこ 別館 ポケモン マグロ ハウス オオ おまw cww 後ろ 女装 恵里香 エリカ 位置 音程
97,moviedata2/sm17844660.jsonl,国人衆 暴徒 九州 タブンネ 反故 腐れ 鉄砲 オノノクス 名声 国人 隔離 カモ サザンドラ シャンデラ 金銭 つえ クソダック 地元 タグ 上杉
98,moviedata2/sm7162700.jsonl,マニュ 厨ポケ キッス 急所 ストライク ルカリオ マニューラ もこう マンダ 攻略 マイナー フローゼル 言い訳 そらをとぶ 釣り つぶて ざま 先生 ざまぁ じわれ
99,moviedata2/sm32352047.jsonl,あかりん 神谷 ヤマコ カップル ハニワ あかり 恋雪 美桜 最高 好き すず くん あすみん りょう すき もち 大胆 リア充 急接近 ちゃん
100,moviedata2/sm30964600.jsonl,意味不明 ぼくら 不明 意味 ピノ 好き ピノキオピー みんな ミリオン 僕ら 歌詞 平和 ピノキオ ミク ここ 次郎 中毒 最高 すき お前
101,moviedata2/sm18502460.jsonl,ワワ インド インド人 許諾 ェア ヒェ リアルゴールド アヒ atext 歌詞 二期 衰退 小人 妖精さん ランティス ストレート 乁乁 食後 cd わたしちゃん
102,moviedata2/sm14315840.jsonl,しのぶ fb きっく クーラー 竜巻 どっち wwfb ダンテ 装備 レイ フラグ 先生 シンクロ 最低 ドリンク くん 砂原 リンドウ バスコダママ 先輩
103,moviedata2/sm24990461.jsonl,恋雪 好き ひな こゆき 小雪 告白 こたろう ハニワ ちゃん 先輩 くん お兄ちゃん 小説 虎太郎 好きな人 手紙 夏樹 ひなひな 大好き すき
104,moviedata2/sm18277220.jsonl,fb きっく プロペラ マリオ キノコ wwfb おの おかわ くん きのこ デレ 同い年 mssp 雲竜型 焼きおにぎり 黄色 キノピオ 先生 コメ おは
105,moviedata2/sm24216260.jsonl,テラゾー スナザメ おちゃ カービィ 人外 サンドリ 視点 トータス フラグ コイン アイテム 一流 後方 アピール 確認 ドリフト リサーチ 苦手 ガチ勢 キス
106,moviedata2/sm21291060.jsonl,まきちゃん 課金 ur ドブ 姫ちゃん ドブライブ マキ ちん 覚醒 かよ チャン sr ちゃん ドブラ イブ まきまき のんたん チャンカワイ 未ち 物欲センサー
107,moviedata2/sm472410.jsonl,nayuta 職人 mp 鳥肌 下手 ひぐらし ハルヒ ツンデレ you あなた 綺麗 なゆた レナ ゆたん 歌詞 うまい 笑顔 俺の嫁 うp主 gj
108,moviedata2/sm619760.jsonl,子安 画質 王様 遊戯 高画質 公式 mad ボーボボ 遊戯王 パンドラ 原作 三木 ハレクラニ 再放送 オシリス 澤井 金朋 漫画 テラ 高橋
109,moviedata2/sm6580450.jsonl,トゥライ トゥ トゥリ キエフ またね 高音 タグ トゥトゥ 綺麗 きれい 記憶 生きよう gj 裏声 職人 鳥肌 感動 好き 一つ 市場
110,moviedata2/sm25424040.jsonl,息子 ホイール 工房 のぶ代 アブ ヘルメット エコー 要素 アビピー ゲーム タンリ ブロック崩し ステージ スッポリーナ やつ おやこあい 厨房 ゴール アルカノイド エレベーター
111,moviedata2/sm16456520.jsonl,fb 大剣 ティガ きっく 団子 パパ ユニクロ 装備 中古 クーラー ガンス くん 名人 サリーちゃん あす 下手 ガード 抜刀 消費税 鼓膜
112,moviedata2/sm8904189.jsonl,ドリル メガヤンマ もこう 安定 催眠 ミュージカル マサラッ シロナ 急所 神回 感動 カゴ てち ほろびのうた 蒼白 りゅうせいぐん ざめけさざめけ 先生 フリーザー ほうてん
113,moviedata2/sm24968970.jsonl,パンダ おさむらいさん カノ アコギ 作業 ハーモニカ ギター イラスト 素敵 マリー カゲプロ とたけけ イヤホン ロハ スタロス ノック 勉強 綺麗 キド つなぎ
114,moviedata2/sm29520630.jsonl,ピノ ピノキオ 悪い ピノキオピー 好き きみ 綺麗 歌詞 鳥肌 ミク ブニ ナス か行 小説 ここ 解釈 ミリオン 悪魔 ぼく きれい
115,moviedata2/sm14534480.jsonl,自称 生レバー ブニ 茶番 コナン ドラパン haha イノシシ エイコ 説明書 キヨ モクロミ 元太 ゴッホ 推理 ネタバレ おk ミルメーク 魚の ha
116,moviedata2/sm21372190.jsonl,しまじろう haha ピッコロ ブロリー 仙豆 生リ 破壊 悪霊 ド人 退散 タヌキ デデーン dadad たぬき 柳原 酸性 ada じろう ナイス 血祭り
117,moviedata2/sm25461280.jsonl,サメ もこう 引退 挑発 相手 切断 マンダ 厨ポケ 講座 ガブ スイクン 急所 マイナー 安定 リザ ちょうはつ ケンプフ レート ぼうん 瞑想
118,moviedata2/sm9063970.jsonl,杉田 小野d バーロー 画伯 能登 シーン とらドラ 演技 ハチクロ コナン きた 会長 大河 さっちゃん アニメ 北村 高山 名演技 花田少年史 ここ
119,moviedata2/sm20036450.jsonl,ぐう聖 みりあ コバロリ gp アカン 畜生 低め 察し 天使 うーんこの 公園 コバヒロ アイドル ロリコン 差分 事案 山本昌 ちゃん ぐうかわ cp
120,moviedata2/sm24934550.jsonl,おちゃ スナザメ 人外 ゴリラ ゴリ アイテム god ライン 駆け引き 稲野 ザメ コース 二神 レース ビクゾー 戦い ミラクル8 ヌナザメ 後方 画面
121,moviedata2/sm26854230.jsonl,バッテリー 地獄 五臓六腑 パニック ティーダ ten モツ デブ ブラックホール 回避 ここ 引力 うんこちゃん 難儀 馬鹿 センター街 リクーム スライム 過敏 座敷わらし
122,moviedata2/sm30590420.jsonl,アルパカ お客さん 紅茶 充電 翻訳 ジャパリカフェ お湯 ミリオン 字幕 te コナイネーダレモコナイネー 若干 フレンズ トキ ここ 実家 カフェ グロンギ 金朋 ゴーウィ
123,moviedata2/sm7882150.jsonl,リン イケリン 調教 pv かっけ ロック gj 光収容 アーケード カラオケ 配信 diva えーる ギター 果て 最高 ベース ミリオン negi 好き
124,moviedata2/sm4090650.jsonl,アウチ 真犯人 逆裁 犯人 指紋 異議あり 包丁 やよい 春香 カットイン 逆転裁判 ルミノール 取っ手 ダストシュート 血痕 被害者 閣下 手袋 セーブ 逆転
125,moviedata2/sm4622890.jsonl,左手 まらしぃ サル ピアノ 幽々子 カルピス 抱き枕 ゆゆ様 ボーダー 右手 楽譜 マミー さる 妖夢 フラン 職人 ざわざわ 演奏 みょん gj
126,moviedata2/sm8447870.jsonl,リツカ 職人 ヘッド 鳥肌 レナ ファン 綺麗 ひぐらし gj 批判 嫉妬 あなた 本家 歌詞 場所 きれい you エフェクト りつか 富竹
127,moviedata2/sm9510630.jsonl,衣装 いおりん 美希 あずさ 雪歩 春香 とかち 本家 反抗期 ゆりしー 貴音 きた やよい りっちゃん カマ 千早 かっけ しまむら キング メタルキング
128,moviedata2/sm13260750.jsonl,ミサカ ループ 通報 ゴール アクセロリータ 愉快 兄貴 変態 一方通報 ミサ 一方通行 ロリコン ロリータ デュエル タグ 毛布 みさか 素敵 危険 mm
129,moviedata2/sm7427060.jsonl,ボタン 催眠 相手 もこう 降参 ドリル 耐久 安定 シンクロ ブラッキー ギャロップ 鬼火 お湯 ポケ 舌打ち 一般 居留守 起死回生 ペラップ おにび
130,moviedata2/sm20569190.jsonl,やみ ファッ ユッキ 察し ポジ テーマ 梶谷 敬語 オナシャス ちゃん ポジハメ サンキュー セカンド 大西 ノウミサンアイシテル デミオーズ アカン 上田 仕方 ユッ
131,moviedata2/sm2732357.jsonl,かっけ 太子 歯茎 妹子 曽良 竹中 ヒュースケン うさ いもこ イケメン 芭蕉 鬼男 阿部 キモッ 愛ちゃん gj 閻魔 うめ かっこ 弾幕
132,moviedata2/sm1031270.jsonl,風神録 道中 早苗 神曲 あやや きた zun 神奈子 東方 好き ここ 魔理沙 れいむ ボス ケロちゃん 霊夢 弾幕 風神 諏訪子 一番
133,moviedata2/sm17067980.jsonl,本家 lisa ケイネス ランサー 画質 好き 歌ってみた 上手 pr セイバー うまい 本人 マイリスフィール ギル ランスロット 愉悦 zero うめ アーチボルト ひな
134,moviedata2/sm19625630.jsonl,トーマ オレンジ 百合 双子 gj 好き こと 解釈 ミク ここ ミリオン バスタオル ハンカチ 首に 感動 鳥肌 歌詞 素敵 大好き バラード
135,moviedata2/sm9265460.jsonl,なんということでしょう nn nnnn nnn nds nnnnnn ょし nnnnn 南斗六聖拳 未来シアター 富士山 スイカバー 南斗 aqua 名曲 宇和 坂本龍一 nnktkrnn アクァー てん
136,moviedata2/sm2219100.jsonl,友人 けしからん レイ マリ サムネ 霊夢 巫女 けし やれ カメコ gj 腋巫女 魔理沙 わき 百合 うp主 rec 花びら アリス 自重
137,moviedata2/sm23969030.jsonl,キーマン レト キヨ レトルト pp コイン テレベル スター ミニクッパ カンニング 呪い 舌打ち クッパ 兄弟 ドッスン 穴兄弟 テリーマン めん 運ゲー ギャンブル
138,moviedata2/sm10150980.jsonl,画質 エコノミー サビ のぼる ミク gj ミリオン 回避 好き pv 綺麗 鳥肌 るかな きれい 最高 今手 プレミアム 歌詞 元気 幸福論
139,moviedata2/sm24377110.jsonl,野崎 千代 パラス みこりん たぬき ちゃん 波動 ラブコメ 宮野 ジャミラ 先輩 ヨクトマルンデスカ セーラー服 前野 マモレナカッタ おまいう 有能 ここ セーラー 付き人
140,moviedata2/sm24683018.jsonl,タケシ シゲル 違和感 ランサー ピカチュウ イワーク 博士 ボロボロ ポケモン ワカメ サムネ オーキド セイバー 自宅 愉悦 サトシ くら 食費 ゴーストタイプ ナレーション
141,moviedata2/sm30741025.jsonl,ホウオウ サトシ ピカチュウ ゴム カスミ 手袋 映画 サンムーン sm タケシ ポリゴン ポケモン 作画 懐古 xy マーシャドー オニスズメ デブチュウ 予告 ルギア
142,moviedata2/sm17673790.jsonl,愉悦 ギル マーボー 茶番 市場 優雅 アゾット トッキー 因果応報 万が一 フラグ キレイ 令呪 諧謔 ホモォ auo 遠坂 和菓子 遺言状 死体蹴り
143,moviedata2/sm37601190.jsonl,ここ りんご すき 社長 あきら 生きがい 山形 あかり あか コーデ 双葉 あかりん ダンス mv 烏屋茶房 ライブ ヨシ kpop 振付 ユニ
144,moviedata2/sm8613232.jsonl,レッド ピカチュウ バクフーン コイキング リザードン ワタル 頂点 バンギラス edr 吹雪 カイリュー 真っ暗 かっけ サトシ ブラッキー ボルテッカー いくよ ラプラス 一撃 カビゴン
145,moviedata2/sm16207490.jsonl,ずれ バグ jk 右クリック キヨ フジ コピー マリオ 動画 鬼畜 キヨフジ rr 下手 キノコ ぼん フラグ レッキングクルー ひy 配管工 ワンチャン
146,moviedata2/sm5546860.jsonl,犯人 エナン ウォッカ 平次 ずくめ 工藤 仲間割れ 自作自演 時計 ナン ヒロシ 博士 ro 殺害 パン ko スケートボード 江南 vs ジン
147,moviedata2/sm17064620.jsonl,調教 ルカ ミク 中西 ベース gj ネギトロ 百合 サビ jg 最高 初見 ライバル 鳥肌 みく wktk 神曲 ミクミク 好き いいね
148,moviedata2/sm25051049.jsonl,息子 アブ 口笛 自転車 サムネ アウト テッテレー 医者 jb うんこ ギリギリ アトリックス ざわざわ セルフ 勝利 ブニ 背中 地雷 発想 sasuke
149,moviedata2/sm21553880.jsonl,tas igaa キャーイクサーン レギュレーション 魔理沙 違反 nkt チート ドニ サガフロ ミシガン ニート マリオ スライド ポケモン クレイジータクシー マホロア igaaigaa wwigaa パワポケ
150,moviedata2/sm27666317.jsonl,カラ松 カバー エア 静寂 孤独 トッティ スブ ジュウシマツ チルノ 波音 ヴォォー クリーム ya 一松 扱い バカ ロバー ジムインデオネガイシマス 十四松 職人
151,moviedata2/sm5818100.jsonl,トゥ トゥライ タグ トゥロ トゥキャンダル トゥキ 色気 椿屋 カンタレラ 素敵 トゥキメキ きだ 安定感 提供 エロ まら トゥトゥ エロい トゥリ うめ
152,moviedata2/sm2406770.jsonl,卒業 卒業式 ミク 先生 学校 桜ノ雨 今日 明日 みんな 先輩 中学 高校 お前 小学生 小学校 クラス 教室 好き テスト 大好き
153,moviedata2/sm8891090.jsonl,マンダ ふいうち ミロ ハッサム 読み 相手 もこう 交代 りゅうせいぐん 先生 おk 厨ポケ 安定 急所 メモ アブソル 流星群 ドンカラス サメ 不意打ち
154,moviedata2/sm16719480.jsonl,ミク ボカロ ia 人間 lia 機械 調教 進化 綺麗 技術 gj 本人 進歩 vocaloid 鼻声 イア 国歌 ルカ akb 違和感
155,moviedata2/sm17779150.jsonl,ホセ きた 好き ジャック トラウマ ムーラン 山ちゃん 歌詞 日本語 ディズニー ティガー ユカイ こっち アリエル パンチート ダンボ プーさん 英語 どっち サリー
156,moviedata2/sm23807389.jsonl,時雨 足柄 オリョクル 潜水艦 谷風 オリョール 違和感 青葉 大破 リゼ 轟沈 島風 大発 弾幕 イオナ ハルナ 悪夢 ゴーヤ rj ビキニ
157,moviedata2/sm29916130.jsonl,アリーナ ドルカス エルク フロリーナ マシュー ラス 立ち見 蛞蝓 幼稚園 gm 盗賊 手槍 wwh wh リン セイン 卑屈 反乱 アンケ 自害
158,moviedata2/sm15633620.jsonl,酸素 千本桜 ボタン まーす 余裕 ノーミス 小いき いっき 年齢 紛レ ピロピロ カラオケ 光線銃 酸欠 日本 断頭台 ちう 画質 テスト クリック
159,moviedata2/sm21331970.jsonl,ハヤシ キッス ライコウ 素人 モス ドラン 全勝 ブシン ローブ ランターン 大会 ムドー クレセ グリペン たち 雪崩 選出 格闘 詐欺 武神
160,moviedata2/sm4724910.jsonl,雪歩 伊織 春香 ジブリ 小鳥 ペデューサー フヒ ロリコン 事務所 妄想 タミ ナランチャ 美希 ラピュタ 千早 ひで kool トトロ 真美 紅の豚
161,moviedata2/sm25425760.jsonl,あやねる 提督 如月 間宮 鬼畜 弥生 冬月 ごちうさ 鎮守府 まかわ 那珂 轟沈 青山 駆逐艦 卯月 夜戦 羅針盤 ココア 引き戸 おしまい
162,moviedata2/sm24326780.jsonl,th ライブ 淫夢 おーどん アイマス 我那覇 そう リップスライム rip 水鉄砲 ホモ ここ レゲエ どん ボサノヴァ 最高 タオル コール しり りら
163,moviedata2/sm27488670.jsonl,浮気 綾辻 海原 郁夫 アタック 純一 つじ いく メンヘラ おい ルート 生理 アマガミ うなばら 商店 平林 貧血 佐藤 お前 塚原
164,moviedata2/sm1278460.jsonl,コッペパン こっぺぱん こっぺ コッペパンコッペパンコッペパンコッペパンコッペパン コッペパンコッペパンコッペパン 魅魔 コッペ コッペパーン koppepan koppepann コッペパンコッペパンコッペパンコッペパン パン ぱん ぺぱん パーン 搾乳 コッ フィルター ぱんこ ぺぱ
165,moviedata2/sm28522610.jsonl,おそ松さん 二期 おそまつ ed またね 最終回 セラヴィ シェー 忘れないよ トト子 一松 トッティ カラ松 不滅 気力 それ おそ松 tbc 最高 ヨーン
166,moviedata2/sm12742112.jsonl,きた 映画 作業 ポケモン サトシ 好き dp きたあ ハァ ハルカ ピカチュウ おk ロケット団 ag ウーイエ ポケモンマスター pasco 歌詞 ここ 神曲
167,moviedata2/sm37195030.jsonl,スバル op レム エキドナ サテラ ゼロワン エルザ ここ ロズワール メィリィ うさぎ ンバッ 不可逆 愛してる realize 死因 すしざんまい 過去 鼓動 鈴木このみ
168,moviedata2/sm25221440.jsonl,東方 好き 道中 ボス 作業 ex 一番 きた ここ 神曲 大好き ピアノ えーりん 最高 zun 弾幕 テーマ すき アレンジ 金閣寺
169,moviedata2/sm27266160.jsonl,ヨッシー スピン フジ キヨ 牛沢 クリボー まーさ そこ zz システム コメ ds コース マリオ でっていう ブロック ドア ステージ テレサ ブニ
170,moviedata2/sm30597080.jsonl,バニル ダクネス 杉田 レト 子安 オルシュファン お構いなく おかまいなく 西田 レトルト 褒美 ドm 魔王軍 幹部 mad ヤシュトラ 声優 玉民 西田雅一 カズマ
171,moviedata2/nm8232118.jsonl,ガイル テリー伊藤 ナツメ エリカ カスミ イケメン テリー アンズ タケシ グリーン ナツ ゆってぃ エリカ様 トゥース イメチェン ブーン かっけ バイビー ソニックブーム 髪型
172,moviedata2/sm7868250.jsonl,補正 エビフライ 旧作 安置 ドナルド リグル きた らん モーリ ksk えーりん ロリス テーマ カリスマ ちぇええ 繋ぎ ボス 魅魔 グリニッジ パル
173,moviedata2/sm246990.jsonl,閣下 阁下 orz プロデューサー 春香 鮮血 アナタ シイ サナイ サイ 恨ミ orzorzorzorzorzorzorzorz シテル 殺殺 貴方 ザマシ 千早 ニモ 愚民 魑魅魍魎
174,moviedata2/sm29445580.jsonl,相手 ゾロアーク デブ 高田健志 寄生虫 ピクシー レート カビゴン グラブ チシャ ロバ びをふる フラグ フェアリー ねごと バロ 改造 草草 自爆 けたぐり
175,moviedata2/sm29776010.jsonl,無職 初代 課長 ねぎま 四天王 あやめ ポリゴン ラブプラス ポケモン ファイヤー まさこ ピカチュウ フリーザー 焼き鳥 knn 発電所 サンダー 偽札 むし カンナ
176,moviedata2/sm4106190.jsonl,しまじろう 儀式 シンクロ ンザム 砂漠 ユフィ ナデシコ ひぐらし 反逆 虐殺 中の人 ルリルリ シンクロ率 子供 チャレンジ トリニティ トラ チューリップ トリッピー ガンダム
177,moviedata2/sm29921300.jsonl,アリーナ エルク ドルカス ファイアー ルセア 立ち見 ケント セイン gm wwg 純一 ラス 木こり ファイヤー ニルス フロリーナ アンケ マシュー wwh セーラ
178,moviedata2/sm13170350.jsonl,ナズ ze こーりん あな 漫才 宝塔 かなこ かしこ 神奈子 こしょー ナズーリン pad wpad ハハッ こしょ ちゃん アウト 魔理沙 おk 夢の国
179,moviedata2/sm21333410.jsonl,キッス ハヤシ モス はり ランターン むつ メトロノーム 素人 童貞 ツンデツンデ まつ ヌケニン ハリ ライコウ 軽犯罪 ワキ 山月記 選出 フマキラー 全勝
180,moviedata2/sm19132400.jsonl,fb きっく 粉塵 臓物 装備 カオス アタック おの エキサイト アバランチ 先生 審議 媒酌人 ブラステン ピンポン おん 金魂 チャンス 翻訳 実話
181,moviedata2/sm16024389.jsonl,ギル 雑種 バーサーカー ハウス 返品 恐怖症 迎撃 ギルガメッシュ フォーク 電灯 キャッチ 英雄 令呪 耐性 auo 慢心 煽り 解説 bsk ランスロット
182,moviedata2/sm11325229.jsonl,左下 サトシ 本人 ピカチュウ 歌詞 うめ ピュイ メイド ポケモンゲット ニヨニヨ 主役 降板 後ろ アローラ シゲル うめぇ 帰り 背景 メタ 松本
183,moviedata2/sm13762950.jsonl,倍速 まどか qb ほむほむ 右ストレート gj ざま ヒャッハー 消毒 ざまぁ スガシカオ おk お前 マミさん ドド wktk 汚物 wwqb 世紀末 大沖
184,moviedata2/sm16156229.jsonl,レオモン ピーコ 編集 いい最終回だった 反抗期 パシリ フラグ 茶番 大誤算 攻撃 気し 最終回 こうげき コイキング 走馬灯 ひるね ジェスト ゃちほこ さかな アホ毛
185,moviedata2/sm3207770.jsonl,歌詞 薔薇 アリプロ アリカ あなた 見果てぬ夢 きた よう whatshouldwedofortheworld 哀しみ 小径 白アリ 好き わたし 世界 目覚め この世 サイケデリック 孤独 illgivewishtoallthepeople
186,moviedata2/sm23039440.jsonl,そらる まふまふ ふそ らま atr 大好き 二人 周年 伝説 トリプル ミリオン 始まり 活動 武道館 そらいろ リスナー 幸せ 恩返し リピート 最高
187,moviedata2/sm21145040.jsonl,fb 村人 きっく 先生 ピストン スイカ wwfb 残像 あい テニミュ マグマ ぼっち トトロ 松明 トロッコ おん ハロー おの カオス 金木
188,moviedata2/sm3439870.jsonl,ミンゴス 子猫 やよい 千早 りっちゃん ちゃん 伊織 リヨ フレーク いおりん 新作 閣下 ヮペターン ナウシカ ちはや ヘブン状態 続編 ハー ごきげんいかが 中の人
189,moviedata2/sm27404620.jsonl,中多 塚原 つじ 綾辻 gm 天使 浮気 中田 カユミドメ 五郎丸 モエー パワプロ 最低 ルート お前 wwgm パパ 純一 覗き ホテル
190,moviedata2/sm29185330.jsonl,クロエ マックス ウォーレン デイビット デイビッド 写真 ジェファソン ネイサン マンボ アリッサ gm こいつ 大沼 セミコロン やつ 元軍人 お前 ビクトリア 軍人 ショーン
191,moviedata2/sm22242790.jsonl,ぐるみ ほたるん にゃんぱすー こマ こま クレイジーサイコレズ 転校 田園都市 レズ ファッ れんちょん 不可避 レクイエム ハイエース 去年 おにお 分霊 狂気 セイクリッドセブン 絶命
192,moviedata2/sm11384474.jsonl,きた なつい ギター かっけ メタ様 那覇 バンジョー メタナイト 選曲 レインボーロード 鳥肌 ショートカット クロノ キター ff vp けいおん 国歌 バテン ロマサガ
193,moviedata2/sm30960260.jsonl,アルパカ トキ ここ カフェ フレンズ 紅茶 おばあちゃん 豚汁 かばんちゃん お茶 お客さん うどん お湯 若干 サーバル ジャパリカフェ 有能 アミバ 金朋 草むしり
194,moviedata2/sm2107510.jsonl,うどんげ rabbit 優曇華 職人 ブレザー 市場 俺俺 ココ 鼓動 歌詞 座薬 俺の嫁 ファミマ 鈴仙 狂い カメコ 貴方 おれ ココココ 人類
195,moviedata2/sm8889330.jsonl,職人 ハピマテ シンクロ gogo 振り付け なんく gj 最高 ニコマス ダンス ネギま スパッツ 我那覇 ハピマテマジ スパイキー 聖地 バンナム gjgj sp シンクロ率
196,moviedata2/sm29482160.jsonl,ブニ グラードン 大誤算 レオモン 編集 急所 ニブ ドーピング コイキング 禁止 モンスターボール ゃちほこ 刺身 色違い ホットペッパー ポワルン ジュニア モンボ 平和 おk
197,moviedata2/sm15611820.jsonl,コナン 光彦 直火 おっちゃん ジン ウォッカ 園子 空手 新一 板チョコ 半年 博士 変態 元太 死神 別ジン 歩美 生レバー ヤイ 初期
198,moviedata2/sm13609389.jsonl,きた 作業 ag 歌詞 ハルカ lalala ポケモン サトシ bw ヒカリ レジャー 神曲 dp hey ed taspo ニャース 好き 映画 ゾロアーク
199,moviedata2/sm22688012.jsonl,メロメロ さいき プテラ 矢部 レベル メガニウム スピアー ヤナギ 最強 受講 フラグ ニードル 百合 物理 ミカン キングドラ ファッキューヤッベ イノムー はかいこうせん イブキ
200,moviedata2/sm30591470.jsonl,ツチノアタタカミ 刑務所 fb きっく 日刊 チョコクエ 魔法 サイコパス mssp mod 屋根 魔女 リスキル 古墳 カオス モンスターハウス 土偶 股間 あい ちゃわ
201,moviedata2/sm23160860.jsonl,畜生 ユッキ テーマ お嬢 ハハラサン ぐうかわ サンキュー ホモ パワプロ 風評被害 アイドル 課金 エッミ さいてょ カッメ 新井 ちん イチロー 抗争 名曲
202,moviedata2/sm14889810.jsonl,杏子 ほむほむ ほむら まどか 通報 ウェヒヒ 削除 ループ 戦場 佐倉杏子 暁美 動画 結婚 むぅぬけた さやか まらん 魔女 らいし ストーリー ードヤ
203,moviedata2/sm2212070.jsonl,中国 字幕 えーりん 座薬 ちぇええ 山田 完成 pad 小町 きめぇ サムネ カラテ ユッケ ビビンバ カオスカオスカオス こまっちゃん マリアリ パーン ゆかりん き様
204,moviedata2/sm23049810.jsonl,キヨ トロイメライ メイド クロエ メモ 魔女の家 ミシェル サムネ 生理 燭台 チェリ パーテー ロリコン 沢尻 eco カルシファー wb すず 兵隊 アンモニア
205,moviedata2/sm30273012.jsonl,アカギ ギラティナ 社長 シロナ 十六夜咲夜 召喚 ギンガガン ブルーアイズ 世界 サターン ペンデュラム 海馬 エクシーズ アカギザマァ 青眼 山下 津田 遊戯王 ざまぁ バリアン
206,moviedata2/sm13612500.jsonl,デフォルト レン リン 黄色 りんりん wktk れんれん jg yeah ry gj リモコン カラフル レンレン ピンク ぐるたみん ea 勉強 割れ 宿題
207,moviedata2/sm24432950.jsonl,パラス 千代 野崎 ちゃん 前野 たぬき くん みこりん 擬人化 天使 タヌキ 親子 表情 ヒロイン 佐倉 豊か アイデア 代ち gj 音響
208,moviedata2/sm27033420.jsonl,出勤 ご苦労様 小梅 野々村 グッチョイ クリオ キヨ rr 小梅太夫 溶岩 母国語 くり カメキ 太夫 教科書 パレッタ 猪狩 さきっちょ アフロ おk
209,moviedata2/sm5321420.jsonl,まらしぃ 申神 グラコロ ピアノ 倍速 左手 zz ナイツ 残像 サル 广卞 亠卉 与本 ナイフ ブニ ヒケルワケナイツ 当時 神か 楽譜 二上
210,moviedata2/sm23385270.jsonl,装備 ティガ きっく コン 麻痺 fb 変態 ティガレックス くん 武器 今回 スパイス mssp 覚醒 ケツ 雪見 ばば 視点 メガネ 大福
211,moviedata2/sm24610090.jsonl,息子 シャチ カニ アブ 蟹工船 ピカチュウ カルメン セグウェイ ゴール ウーロン茶 ホイール ヘルメット 死海 ソ連 カスミ 経験 テッテレー スプリンクラー ビビリダマ スプートニク
212,moviedata2/sm22511720.jsonl,キヨ レト レトルト カービィ ウォーター ヨキ pp たこ焼き ピーナッツ 歯磨き 事件 ミラー メタ 全身 レトルディ カッター わさん タグ ワド ソード
213,moviedata2/sm27147440.jsonl,セピア コジマ 奥歯 スピン 孔明 スター コジ ジャンプ プレイボール マリオ カット ジェスト 学習 スタート 疲れ 歯茎 クリア コンベア 素振り 鬼畜
214,moviedata2/sm30077041.jsonl,サトシ ファイアロー セレナ ゲッコウガ xy ピカチュウ 焼き鳥 ヒノヤコマ sm スーパーマサラ ポケモン 光彦 イケメン 映画 すき ここ バトル アラン アローラ マサラ
215,moviedata2/sm6875060.jsonl,kaito 兄さん 仕事 カイト バカイト 職人 調教 gj 歌詞 殿堂入り 高音 aed 彼等 初見 忘人 好き 鳥肌 大好き マイリス カラオケ
216,moviedata2/sm15862474.jsonl,首輪 愛ちゃん 上品 イイハナシカナー クロノ メン 右手 バイオメガ キマシタワー 小鳥 ボトラー キマシ 絵理 フォーゼ 雪歩 蛤女房 さんぽ 完全 夢子 リード
217,moviedata2/sm31791630.jsonl,wowaka 大好き ご冥福をお祈りします ヒトリエ あなた あたし ここ 好き すき ボカロ あなたに ミク アンノウン マザーグース 歌詞 神曲 職人 サビ それ 周年
218,moviedata2/sm30308300.jsonl,レム エミリア 怠惰 mt em レムりん ラム emt ロム te たん 天使 ペテ公 ペテ ペテルギウス sexe スバル mmd 真似 めぐみん
219,moviedata2/sm36015690.jsonl,呼吸 勇者 偽物 ぜんいつ コロナ ヒーロー 正義 仮面 治郎 昔々 世界 歌詞 栄光 刹那 灰色 霹靂 冨岡 一閃 弱虫 実弥
220,moviedata2/sm31118650.jsonl,フルボイス ハシビロ トキ ハシビロコウ 幻聴 カフェ 脳内再生 フレンズ アルパカ 赤面 たつき ラブホ モデル ウッホホーホホ まんぞく 歌声喫茶 ちゃん アルファ ヨコハマ買い出し紀行 ヨコハマ
221,moviedata2/sm15806481.jsonl,ジャガー 小熊 大熊 おk コナン マフラー 高木 キヨ 右肩 腕時計 小五郎 おっちゃん 大宮 九十九一 お前 地元 二三 茶番 キッド おまえ
222,moviedata2/sm9297140.jsonl,もこう 改造 乱数 謝罪 ポケトレ 安定 なんや もこ 先生 飛翔 搾取 相手 八百長 ブイズ メール 色違い 催眠 ふいうち ハッサム サルマンダ
223,moviedata2/so19034120.jsonl,テンポ ルーツ てーきゅう ちとせ テニス 夜叉 アニメ 構え テニヌ op 政治 資本主義 早口 宣伝 そふてにっ するめいか キマシ ギャグマンガ日和 先輩 不安
224,moviedata2/sm26183540.jsonl,キヨ フジ ヒラ 参謀 ヨキ 隊長 こーすけ ブニ 編集 イケボ ゾンビ マイクラ 徹子 ベッティー オーシャンビュー 音割れ ニブ qrコード ベッティ 迷子
225,moviedata2/sm25782830.jsonl,かな子 幸子 杏ちゃん かなこ ちえり ユッキ 本田 ときん 放送事故 智絵里 笑顔 前川 アイドル 作画 デブ トンカツ バンジー 未央 あんず 武内p
226,moviedata2/sm36210300.jsonl,りんご ろう ごんご 生きがい ンゴー 山形 ノルマ達成 ミリオン ンゴ リンゴ ngo 青森 ごろ 再生 投票 支援 職人 ボイス 実質 ーンゴー
227,moviedata2/sm24687940.jsonl,zero deen セイバー sn ルート fate hf ubw アーチャー vita プリヤ ホロウ 原作 月姫 劇場版 きのこ ライダー ポーズ マケドニア 虚淵
228,moviedata2/sm17251540.jsonl,フラグ さいき レベル カウンター プテラ 初代 サムネ カンナ 急所 ポッポ 事故 スピアー pp はかいこうせん 獅子 回復 破壊光線 イワーク ちゃん キクコ
229,moviedata2/sm24561080.jsonl,警察 ヤギ ゴーゴーファイブ 段差 刑務所 ボンネット マリカ ベネット バドミントン 自首 空耳 空調 出荷 ォィォィヾ 大玉 バトミントン マリオカート 戦隊 ジェットストリームアタック ワイスピ
230,moviedata2/sm16309860.jsonl,コナン 園子 アイリッシュ ジン 博士 ウォッカ コダック 映画 眉毛 警察 ピスコ 青山 灰原 新一 京極 解凍 ここ ベルモット 上田 バーロー
231,moviedata2/sm30832481.jsonl,カズマ ウィズ エクスプロージョン めぐみん このすば 制作 リゼロ 魔法 かずま けもフレ 享受 エルサ 爆走 クズマ 蘇生 爆装 カズマー 詠唱 教徒 塑性
232,moviedata2/sm26571360.jsonl,キヨ ヒラ フジ 隊長 遠田 フジパン 会長 rr 佐藤 紙魚 図書館 徹子 マイクラ すしざんまい 男女 哲子 ダウジング 手塚 降格 ワカメ
233,moviedata2/sm10245200.jsonl,酸素 酸欠 ラライ 年齢 息継ぎ 限界 ブレス 自主規制 まーす タグ 余裕 音程 いっき さんそ 市場 るり 肺活量 らい オク エロい
234,moviedata2/sm28019550.jsonl,一松 最終回 カラ松 チョロ松 sdt cr ここ おそ松 編集 オードリーヘップバーン 了解 スパイラル おそ松さん マッスルマッスル フル ショウノスケ 好き 十四松 感動 絶対
235,moviedata2/sm26848010.jsonl,sasuke 冷静 心拍数 ロッカー パワー ここ パニック 石川 バター リンカーン クラピカ うんこちゃん ティーダ ぞうさん プレイ ノブナガ 編集 腕力 セーフ シコルスキー
236,moviedata2/sm19150230.jsonl,我那覇 くん 淫夢 ホモ 沖縄 gnh そう ノンケ ここ いくさ 監獄戦艦 あのさぁ ももんじゃ かな すき 確信 ミカ 淫獣 修造 におい
237,moviedata2/sm8436970.jsonl,相手 ヌケニン ステロ もこう 安定 エアスラ 降参 リーフィア エッジ 唯一王 アットマーク 土葬 両刀 晒し しがらみ 先生 キッス アブソル 選択 シャドボ
238,moviedata2/sm10601340.jsonl,ガゼル 作業 きた 好き 画像 おっくせんまん 蕩れ nagi 歌詞 オーラ すき えーりん エスパー伊藤 鳥肌 ktkr 愛してる カフェ 大好き 最高 メルト
239,moviedata2/sm1098317.jsonl,あるある ロリーパー ポケモン 特性 ブースター オクタン ハギ ゴローニャ 唯一神 レイモンド ツボツボ 孵化 オクタアアン 自爆 ハピ 昆布 催眠 鉄火 うめ ヌケニン
240,moviedata2/sm26937870.jsonl,bo ゆかりん com ミク ゆかり リン レン どう森 兄さん コード 太鼓 サビ ピアノ ドラム 作業 カイト ピアハノロ ベース ソロ ブリ
241,moviedata2/sm14146540.jsonl,しおり fb 二次会 きっく レウス 乱入 おりちゃん 彼氏 装備 西中 アシラ 合コン ハゲ ドラゴン アオアシラ wwfb 先生 ペン ちゃん 危機一髪
242,moviedata2/sm6983220.jsonl,がみ 攻略 ゆめにっき 無理 攻略サイト 時間 テトリス タグ 駄作 おk 鬼畜 コナン スティック ムスカ 二兎 理解 わからん それ メッセージ コロブチカ
243,moviedata2/sm28754930.jsonl,カラ松 一松 おそ松 チョロ松 トド松 トッティ 誕生日 トト子 cr 十四松 おそまつ sdt スパイラル ダヨーン 童貞 六つ ブス おそ松さん 兄さん マッスルマッスル
244,moviedata2/sm4767230.jsonl,ルル ルルーシュ ギアス ひで 朝マック 無視 校長 うんこ スザク オレンジ un 皇族 ビスマルク ダイト シカト マリク マジェスティ ユア サムネ 万能
245,moviedata2/sm25523500.jsonl,レト キヨ ヨキ レトルト pp テレサ ナイス マギー スター 平和 テレザイル わさん ねるねるねるね wwpp こしあん ミント ゴール 平泉 ラリー キノコ
246,moviedata2/sm23171530.jsonl,ファントム fb きっく mssp ミリオン 好き カルマ pv サビ ギター 中毒 ここ ぼうし 彩色 歌詞 かっけ 君の声 ドゥン モノ ピコ
247,moviedata2/sm20065790.jsonl,魔理沙 東方 aa 咲夜 dx スマブラ gj ed コラ 再現 フラン 霊夢 妖夢 淫夢 連打 みょん キャラ 立教大学 比較 発売
248,moviedata2/sm21440020.jsonl,進撃 マダラ ナルト 作画 naruto 柱間 卑劣 アニメ 雪だるま 輪廻 ワンピ bgm 隕石 我愛羅 スサノオ 忍者 ここ 作戦 オオノキ 映画
249,moviedata2/sm13171730.jsonl,雲山 ポンデリング テレクラ 非核三原則 幻想 異常 入り 気持ち タグ 前科 ナデシコ アナニー ちくわ ペット 値段 あさりちゃん インフィニティ 藁人形 ツインテール ネタ
250,moviedata2/sm13914810.jsonl,ユーザー 契約 qb gj 営業 円環の理 エントロピー まどか コンガ 魔女 魔法少女 ホルン 次回予告 ホルガー 凌駕 フルート 画質 gjgj サントラ テーマ
251,moviedata2/sm30693030.jsonl,怠惰 カズマ めぐみん クズマ アクア ダクネス お湯 ギムレット リロ みえみえ ペテルギウス サーセン ke 女神 宮迫 エクスカリバー yu 見え シャフ度 聖剣
252,moviedata2/sm15108950.jsonl,リン レン ルカ ミュージカル gj 兄さん ちゃん 鳥肌 kaito カイト 調教 ミク gumi ディズニー メイコ レンレン ブラボー コーラス 感動 推薦
253,moviedata2/sm30273006.jsonl,ラッキー 能登 モミ ゴースト くぎ コワイ ラグ くぎゅ ゲップ 洋館 ポケモン 取得 エロい ホラー 能登かわいいよ能登 白ひげ 回線 無課金 飯テロ ゲンガー
254,moviedata2/sm22356220.jsonl,パトカー 警察 桐谷 ゴミ収集車 トランスフォーマー ビール チャリ トラクター アイアンハイド リンキン トレバー ボンネット 摩擦 馬力 廃車 シライ ゴミ 重罪 ヤムチャ 前進
255,moviedata2/sm6945510.jsonl,クリボー テニスボール 富士山 コイン 修造 無敵 崖っぷち 職人 根っこ 説教 ボニ キボ エツ ちょwww ニエ 無限 トゥル ジャンプ あらら チート
256,moviedata2/sm14171930.jsonl,ループ 中毒 脱出 ミリオン シュタインズゲート 巫女 解除 da 世界線 漆原るか ミギウデ モーグリ ga モグ トリツ アクリョウ ko to タイムリープ みこ
257,moviedata2/sm31680050.jsonl,アボガド アボカド 遠くへ あなた ゆり くらげ ゆかり 好き 薄っぺら ゆかりん 椅子 歌詞 貴方 ここ ギター flower ミリオン 街路 引け目 どこ
258,moviedata2/sm13628080.jsonl,エネ ミク ツアー ミネ じん カゲプロ ミリオン カゲロウ 歌詞 コノハ 処女作 エネミー 巡回 メカクシ コピー 小説 右クリック 初期 ミネミネ 原点
259,moviedata2/sm22610180.jsonl,タコ もこう ホルード 相手 レート マンダ オクタン たかひろ アクジェ 厨ポケ クソザコマン 初手 もこ 乱数 さわ ガルーラ 先生 安定 読み なんや
260,moviedata2/sm26038650.jsonl,ゾンビ fb アポロ 階段 消失 犯人 みち フラグ トウモロコシ huragu きっく 意味 日目 アプデ ひろ トッポ とうもろこし 正規ルート コワイ チュートリアル
261,moviedata2/sm1412176.jsonl,トラウマ ヒトカゲ 初代 ポケモン ここ きた ピカチュウ 金玉 ポッポ フシギダネ bgm 金銀 エリカ ミュウ 神曲 自転車 エリカ様 好き ゼニガメ vw
262,moviedata2/sm14937150.jsonl,ドラマcd ヤンデレ ミンゴス ノカイバー ノカイバーヽ オカリン コンプティーク 監督 ふわふわ時間 世界線 カイバー マッドサイエンティスト クリス ロボトミー ヤンデレーナ コンプ 助手 ノコ クリスティーナ 狂気
263,moviedata2/sm14834740.jsonl,まどか さやか 杏子 qb wさやか クズ あんこ ひで 麻雀 外道 つえ ほむほむ 上条 マミさん 有料 ヤムチャ ウェヒヒ 会員 くず 正論
264,moviedata2/sm6792327.jsonl,金銀 リメイク きみ 作業 廃人 アレンジ きた ポケモン レッド いま カントー ポッポ ライバル エンジュ ワタル 道路 初代 ロケット団 ミルタンク rr
265,moviedata2/sm15016420.jsonl,リン メランコリック コピー トゥインクル 職人 ーーー gj ちゃん キミ 姉妹 jg junky 歌詞 メランコリー トゥインクルトゥインクル 好き シチュエーション 大好き 淳士 共感
266,moviedata2/sm19939450.jsonl,サブリミナル shei 東方 sao 黒の剣士 陰謀説 君色 愚か 神曲 不思議 he is マインクラフト 骨抜き 手遅れ 洗脳 剣士 にゃんにゃん おろか 幽閉サテライト
267,moviedata2/sm972890.jsonl,ひぐらし 職人 歌詞 音質 hid den あなた 富竹 ひぐらしのなく頃に 神曲 場所 笑顔 グロ レナ 画像 アニメ そば you 代償 詩音
268,moviedata2/sm26831760.jsonl,心拍数 うんこちゃん gero 編集 よっちゃん 心臓 不整脈 バッテリー 緊張 リクーム ティーダ 実況 パニック プレイ 血便 セピア ドン 演技 加藤純一 ニタァ
269,moviedata2/sm19577010.jsonl,ミク yy jg 調教 人間 hey アイドル 藤田咲 heyhey ボカロ gj lat heyn akb 紅白 機械 藤田 yyy yyyy wowwon
270,moviedata2/sm25862600.jsonl,下痢 ゾンビ ため息 マイクラ カマドウマ fb 粘土 きっく 物資 栃木 補給 視点 お誕生日おめでとう ゲーム スタミナ 誕生日 スコップ 本屋 無視 リアル
271,moviedata2/sm29327840.jsonl,ヒジキ フジ キヨ tnt 編集 アディダス バンザーイ ヒラ 最終回 rr もぐら 国旗 王国 カット 国王 マシン モザイク 映画館 疲れ ナイキ
272,moviedata2/sm20895800.jsonl,目隠し アブ マリオ 高速 ブレーキ 回避 実況 ぴろ ゴール クリア 無理ゲー パクリ ロケハン たーん 演技 名前 新参 wwp キヨ ピカチュウ
273,moviedata2/sm20671920.jsonl,アヤノ アヤ カノ キド あやの セト お姉ちゃん マフラー じん シンタロー ケンジロウ トセ 茜色 アヤカ カゲプロ アザミ 貴音 タロー シン メカクシ団
274,moviedata2/sm15971140.jsonl,りぶさん 工作 りぶ 滑舌 ミリオン 再生 発音 英語 かっけ イケボ comm ent 本家 好き jg gj ファー 森三中 かっこ ふぁー
275,moviedata2/sm11264170.jsonl,ハチ ジブリ pv アニメ化 南方 アニメ gj 背景 千と千尋 世界観 ネイティオ クオリティ ミリオン 好き 映画化 jg 研究所 ハイネリィランラ キノ gjgj
276,moviedata2/sm9874560.jsonl,meiko yumiko 美人 om 先生 ダンス 実写 おっさん ドレス pv gj love 踊り フランス ossan 衣装 プロ ロリ メイコ スタイル
277,moviedata2/sm15887500.jsonl,灰原 コナン 事件 工藤 服部 おっちゃん 新一 園子 作画 和葉 平次 高山 優作 高校生 ちゃん 一新 演技力 関西弁 演技 きた
278,moviedata2/sm14870600.jsonl,胡椒 きのこ キノコ クッパ 周年 pf ルイージ ひで マリオ cw 生活 ヒップドロップ cww 黄色 fp 悪趣味 電池 塩胡椒 音程 ばば
279,moviedata2/sm27762357.jsonl,一松 トト子 カラ松 十四松 トッティ チョロ松 おそ松 いっちー イケボ 松かわ ちゃん 彼女 兄さん まかわ 天使 後ろ 犯人 ここ いちまつ 六つ
280,moviedata2/sm33260180.jsonl,ディストピア まふまふ 退場 問題 リスナー メリーバッドエンド 名答 メリバ 炎上 ユートピア ここ うぽつ andyou メリーバットエンド 好き 歌詞 伊藤 ヒステリア かごめかごめ レン
281,moviedata2/sm7766320.jsonl,ガブ 言い訳 相手 ミュウツー もこう いわくだき バトン 厨ポケ ハッサム フォーカス 読み 安定 スカーフ 両刀 げきりん ラブカス 先生 火力 ざま 改造
282,moviedata2/sm26144120.jsonl,おちゃ 初見 分析 コース 解説 実況 ショトカ 藍坊主 ネカマ テラゾー たん 怨怨 ないと カービィ トイストーリー そう ウイニング マリカ ここ ぱるみらは
283,moviedata2/sm21155770.jsonl,サファリ パルキア オーキド サンダー 儀式 マチス ファイヤー 露骨 ゾーン tas 通行 バグ クウカン ニャース nkt 初代 調整 ポケモン フリーザー ヘアッ
284,moviedata2/sm23983010.jsonl,フジ キヨ 四国 マリオ キヨフジ スター サボテン キラー うさ ステージ なつい ベジータ 遺影 茶番 ムーニーマン 低速 クッパ コイン ダッシュ パターン
285,moviedata2/sm11356560.jsonl,実況 コイン ゆとり ふわふわ時間 メルヘン バッカーノ ょっかり マツコ ガード マズマイン スマッシュ うめ ログイン かめ デスノート フランシスコ はち ストーン デブゴン 真っ赤な誓い
286,moviedata2/sm24508041.jsonl,デフォルト リゼ ゼリ デフォルトデフォルトデフォルトデフォルトデフォルト ワカ リゼリゼリゼリゼリゼリゼリゼリゼリゼリゼリゼリゼ 俺の嫁 種田 ちゃん 世界 誕生日 クローゼット ループ ライズ ぶひ ゼリゼリゼリゼリゼリゼリゼリゼリゼリゼリゼリゼリゼ リリ 内緒 リゼリゼリゼリゼリゼリゼリゼリゼリゼリゼリゼリゼリ orz
287,moviedata2/sm36588220.jsonl,無惨 冨岡 あたい 治郎 派手 水車 上司 おはぎ チャレンジ スマッシュボール 分身 錆兎 富岡 じろう ラス 相討ち エシディシ 無理 鬼滅の刃 サイコロステーキ
288,moviedata2/sm4762038.jsonl,ヒカリ メイリア シンジ サトシ タケシ グレッグル 水橋舞 夢のつぼみ エイパム ポケモン ハルカ この道 走れ走れ カスミ bw 風き 廃人 好き ピカチュウ サトヒカ
289,moviedata2/sm12600360.jsonl,ルイージ ブレーキ マリオ pp フラグ ジャンプ テンション 死亡 土管 花火 プレイ キー 慣性 キノコ クッパ 前足 人間 どっち 実況 回収
290,moviedata2/sm2086160.jsonl,haha ha 会話 ぶら らぶ 変態 タラバ 仮面 タキシード仮面 タッシーロ 女の子 乙女 パンティー くん 少女 こっち 職人 ヌーブラ いつの日か da
291,moviedata2/sm6348750.jsonl,浮気 お前 インデックス イン ステイル 上条さん 妊娠 出張 そっち インなんとかさん 大目 こっち いってん 馬鹿 おまえ 違和感 インポテンツ 修羅場 上条 両手
292,moviedata2/sm24373950.jsonl,息子 チート ゴール アプリ アブ daisuke 無傷 タイヤ テンプルラン 男子 ニトロ ピロピロ ヘリ 自転車 魔列車 むすこ 鳥葬 燃料 テッテレー 受話器
293,moviedata2/sm9553189.jsonl,イタチ サスケ スサノオ 大蛇丸 犠牲 兄さん 麒麟 ゼツ オレオ サスケェ ヤマタノオロチ 出落ち くじら 忍者 出オチ 天照 おろち 幻術 日本神話 須佐
294,moviedata2/sm16881350.jsonl,cg アーアアー ゾイド エウレカ 手書き エヴァ ロボ ロボット グレンラガン スタドラ きた 劇場版 ギアス アニメ 作画 ドンキー 綺羅星 フルメタ ガンダム プラス
295,moviedata2/sm20803930.jsonl,ナルト イルカ ミナト ヒナタ カツユ 木の葉 ペイン 卑劣 九尾 自来也 オビト 代目 カカシ 先生 チョウザ 螺旋 サクラ 長門 手のひら返し サスケ
296,moviedata2/sm20889720.jsonl,地元 サミット 横浜 下関 カード 山口 pp キヨ 絶好調 レト 奈良 レトルト 長崎 かっけ 都道府県 ボンビー のぞみ 急行 池田 貧乏神
297,moviedata2/sm21348590.jsonl,兵長 進撃 アルミン リヴァイ 自由の翼 両手 アニ 無意味 ハンジ ミカサ エレン ケチャ リヴァイ兵長 op 紅蓮の弓矢 団長 ミケ ペトラ フリューゲルデァフラアアイハアアイト 蒼穹
298,moviedata2/sm29178450.jsonl,em mt te 空耳 怠惰 レム エミリア 運営 スバル 寿司 sd 奈良 愛してる オープン バルス ピーナッツ 神対応 コントラスト クルシュ 赤い花
299,moviedata2/sm13985710.jsonl,ヒラ こーすけ キヨ フジ ヒラゲー サイレントヒラ 包茎 貫通 安定 rr 信者 左上 コメ テレクラ ビリ ぷぎゃ 腐女子 ひで wwm きた
300,moviedata2/sm23756820.jsonl,卯月 夜戦 上海事変 摩耶 ツインテ 駆逐艦 解体 大破 青葉 艦載機 扶桑 武蔵 マヤ 弥生 秋山 那珂 鎮守府 アルペジオ 潜水艦 五十鈴
301,moviedata2/sm36533084.jsonl,カオスカオスカオス フシギダネ マリオ ネダ だぁ ダニ カオス やぎ サトシ なんや タケシ ニブ カキ ここ 人間 ダネ ラス いって バカバカ サトシウイルス
302,moviedata2/sm15356310.jsonl,マミさん さやか モデル ほむほむ 校長 アカギ ティロサッカー wさやか メカ沢 gj マミ ゆっこ 契約 マチコ先生 留年 qb ゆのっち カラス まどか まみ
303,moviedata2/sm27721038.jsonl,津田 ブリーフ シャロ モカ ココア リゼ ナプキン 亀甲縛り 悪意 アウト つわり 佐倉 岩倉使節団 千夜 キングクリムゾン スズ チノ 否定 ミルク チノちゃん
304,moviedata2/sm1040090.jsonl,アシタカ そなた もののけ姫 小僧 サン 屋久島 久石 鳥肌 ジブリ ヤックル 人間 日本 もののけ 山犬 久石譲 自然 生きよう オーボエ シシ ここ
305,moviedata2/sm24797620.jsonl,息子 アブ 前輪 でっていう 無言 ふなっしー セグウェイ ピノキオ 完璧 タイヤ スター 再現 アリーナ ブリーフ ステージ 自転車 ぼんぼん 威風堂々 カチュウ 疑惑の判定
306,moviedata2/sm27957580.jsonl,クリア 中間 コース クッパ マリオ 無理 簡単 ステージ ヨッシー 鬼畜 ぽこにゃん 作者 テレ マリカ terusky 編集 時間 東方 タイム ミドナ
307,moviedata2/sm18257340.jsonl,先生 なゆ 柳沢 ひばり 小説 みな 初見 犯人 小説化 好き 家紋 中毒 てにをは wktk 久保 リーガル pv しょ ミリオン 言葉遊び
308,moviedata2/sm39379690.jsonl,考察 ひぐらし 竜騎士 エウア 沙都子 梨花 シンエヴァ うみねこ アニメ バトル ここ 羽入 ドラゴンボール 作画 無能 勉強 旧作 そう 見沢 展開
309,moviedata2/sm16814250.jsonl,リン ゲンガー インド洋 るふ 好き 梨本 カロン gj 共感 ミク まった 調教 大好き ぃさんの いえーい ここ いいね kulfiq wktk ベース
310,moviedata2/sm11794550.jsonl,かっけ バーロー 若本 地声 チョーさん 野沢 組長 きた 塩沢 マダオ 声優 貴重 大御所 ご冥福 バラライカ ルパン 内海 青野 お祈り 神谷
311,moviedata2/sm28306630.jsonl,犯人 コナン 高木 社長 小五郎 レト 詩子 キヨ 推理 おっちゃん 元太 死体 ナニ 光彦 オーキド 秘書 マモ 青酸 関西弁 それ
312,moviedata2/sm13170620.jsonl,雲山 ナズ オルソラ ひじ ムラサ 一輪 ネズミ 裸エプロン うんざん アウト もみじもみもみ 白蓮 小町 ソイレント 萃香 ねずみ グルーポン タグ 巻物 猫舌
313,moviedata2/sm27338360.jsonl,裏表 モエー 綾辻 五郎丸 不整脈 ヒカキン きた mgmg 医療従事者 中多 ヒゲ 中田 素敵 頬骨 アブアブ サムネ 大卒 gm プレイ 実機
314,moviedata2/sm18396080.jsonl,fb きっく クッパ 先生 プロペラ マリオ キノコ ピーチ wwfb コイン きのこ アロマ カオス wwfbww きょい ここ あい くん ルイージ おの
315,moviedata2/sm26231640.jsonl,アポロ ゾンビ fb ぼっち ファミレス 天井 きっく バドバイス 遠征 クレイジー サムネ コミケ 襲撃 日目 洞窟 ちんぽ ジオン ペケ 警官 ジーク
316,moviedata2/nm7103480.jsonl,チルノ ミク コーポ 一時停止 現実 東方 就職 仕事 大人 社会人 停止 あとがき ティル みすちー リグル 時計 ルーミア リアル 歌詞 数学
317,moviedata2/sm14666310.jsonl,きっく ジョー ナルガ fb 装備 ポイズンドッグ フラグ 二次会 乱入 おの 仲間意識 ポイズンドック キャンプ 死亡フラグ くん ドスフロギィ ゲマ take おん ゴジラ
318,moviedata2/sm17461850.jsonl,手榴弾 自爆 さいき 爆発 かけら がん ほげ ヤドラン ヘルガー ポッポ ちゃん 兄貴 特殊 パンチ エビワラー メロメロ ルージュラ 回復 ふぁ ファファファ
319,moviedata2/sm10842800.jsonl,トゥライ あい あいの うさ あいのうた ヤマイ ぬくもり ころにー コーラス たあい re 愛の唄 ぇんもっ gj ベース 豪華 黒うさp 大好き かっけ ころ
320,moviedata2/sm27213490.jsonl,まーさ フジ キヨ 孔明 さだまさし ドッスン イヤン コース rr ゴール 乱世 アブ ブロック キャン イライラ棒 ファ いろはす 仕返し ワカメ スピン
321,moviedata2/sm5285040.jsonl,トゥライ トゥ アナタ 歌詞 メテ 職人 吐息 gj ワタ トゥリ タグ エロ 愛を知る ドレス お預け マリオネット 飼い殺し プラトニック トコ イト
322,moviedata2/sm30023930.jsonl,ミュウ 課長 ミュウツー 初代 タッツー バグ 無職 フリーザー 接待 イヌコ 濱口 森本 ポケモン レポート プテラ 有野 けつばん 一青窈 プリン サンムーン
323,moviedata2/sm14264720.jsonl,まどか さやか 本家 ほむら 鳥肌 杏子 ほむほむ qb あんこ プリキュア まどマギ 契約 ほむらちゃん 編集 魔法少女 マミ マミさん mad gj アニメ
324,moviedata2/sm27793790.jsonl,カラ松 一松 san値 松兄 ピンチ ウィスパー 六つ 肉食系 おでん 分別 兄さん かりんとう オチ 妖怪 むつ zi ka ニート 野放し てま
325,moviedata2/sm2193920.jsonl,スネーク オプーナ リュカ ファルコン ワリオ 放屁 オリマー 目玉 リンク クッパ かっけ ロボット オタコン トゥーン ピクミン プリン 大王 ネコ目 くせ きた
326,moviedata2/sm14703600.jsonl,フトモモ 失恋 ゲノム 右下 右クリック 好き rr コピー 好きな人 もも gj 太もも リア充 彼氏 殿堂入り 大好き フモモ 告白 うそつき 綺麗
327,moviedata2/sm27485100.jsonl,まふまふ 大好き まふてる エンジェルボイス アンダークラス 愛してる エンジェループ 好き好き好き ふさん 歌詞 好き 最高 ーヤバ ふく うぽつ ミリオン 天使 ベルセルク かっこ love
328,moviedata2/sm24644910.jsonl,deen セイバー ランサー 士郎 ギル アーチャー ここ 愉悦 zero シーン auo ヘラクレス fate エミヤ 能登 兄貴 バーサーカー ufo 因果応報 原作
329,moviedata2/sm2427600.jsonl,人気投票 霊夢 能力 程度 そーなのかー ed 種族 季節 市場 ツアー うp主 ほおずき 俺の嫁 ジャンプ 景色 日々 フラン あやや pad こーりん
330,moviedata2/sm19335770.jsonl,びす ンジャメナ 童貞 滑舌 トーマ アザレア ここ ミリオン かっけ 好き 安定感 タグ パーカー 音程 安定 mix gj 高音 最高 ロック
331,moviedata2/sm27084410.jsonl,イベ 夜戦 イベント テーマ 瑞穂 bgm 提督 空母 神通 摩耶 夏イベ 大破 駆逐艦 潜水艦 海域 秋月 大和 好き 連合艦隊 戦艦
332,moviedata2/sm2027200.jsonl,ボーボボ wildchallenger gangan 端末 プルコギ standup 眼科 パッチ エーオーエー eo binbinmacho banbanhard 紋波 栖昆 好き アニメ なつい ゴング オエオエ 首領パッチ
333,moviedata2/sm12294250.jsonl,原作 士郎 ギル ワカメ セイバー アーチャー 慢心 zero エア イリヤ おのれ わかめ 投影 聖杯 deen 魔力 サーヴァント 燕返し 英霊 アサシン
334,moviedata2/sm28185620.jsonl,一松 カラ松 全力バタンキュー おそ松 十四松 おそ松さん 十四 おそまつ トド松 トッティ 歌詞 チョロ松 ヤバイヤバイヤバヤバーイ トッテイ コ松 シコ ご多忙 サー 兄さん 松さん
335,moviedata2/sm30722500.jsonl,天月 まふまふ あまつき シャトル ロメオ ジュリエッタ ラン いちご まちゅ 東西 まつ あまちゅあ せな 勇次郎 お姫様 愛してる アマ イケボ レモン 愛蔵
336,moviedata2/sm32392150.jsonl,あゆみん もこう もこ バロリ 王の帰還 選出 先生 ポケモン 相手 長考 乱数 ここ 草王 お湯 ライバロリ マッギョ ルカリオ 大会 ドンファン 草草
337,moviedata2/sm28916290.jsonl,ミュウ 課長 初代 ピカチュウ ポケモン ヒトカゲ こころ ポッポ 進化 ありか 魔の家 カスミ イワーク タケシ 御三家 松井 ラッタ ギエピー bb コクーン
338,moviedata2/sm22230060.jsonl,ちゃん ドブ ちゃーん 姫ちゃん りん りんりん まきちゃん のんたん まき 穂乃果 課金 ur 現在 本編 ことり えり 編集 ちん ラーメン 浴衣
339,moviedata2/sm22122720.jsonl,お兄ちゃん レンレン 兄妹 兄弟 ひな 兄ちゃん イケメン レン うち ちゃん 兄貴 こゆき シスコン 美男 ジョニー 夏樹 にいちゃん 美女 一人っ子 パーカー
340,moviedata2/sm19980280.jsonl,ロッカー コインロッカーベイビー マヨネーズ 赤ちゃん keepout コインロッカー ハート 事件 in 実話 カービィ バァン ここ ポテチ 最後 テケテケ happiness 好き ごめんね ミリオン
341,moviedata2/sm6167850.jsonl,da dadad 提供 ada 変態 紳士 fan 通報 保健所 塩山 ニャン美 弾幕 フフ オオ 歯茎 ニャンニャン にゃんにゃん chic クマ ichi
342,moviedata2/sm30273018.jsonl,ハンサム ネンドール ヒードラン 下野 グレッグル ゴキブロス バク コニー マサラ バルサン 唐揚げ からあげ ハバネロ ゴキブリ プルート レート 主人公 バカ 手刀 タケシ
343,moviedata2/sm12332377.jsonl,ゲーチス シロナ アデク サザンドラ テーマ キュレム 中島中 廃人 チェレン タブンネ きた カトレア nn グリーン チャンピオン プラーズマー ビクティニ 虫取り bgm アレンジ
344,moviedata2/sm13476300.jsonl,广卞 与本 亠卉 二上 面相 卉亠 广下 haha 人生ゲーム 人生 gj マチゲ 滑稽 パクリ リロ 初見 gjgj 教師 ゆずひこ 与下
345,moviedata2/sm11509720.jsonl,nyanya nya nyanyanyanyanyanyanya ミク nyanyanyanyanyanyanyanya 歌詞 ya キルリア gj yna ny gjgj おっさん カミーユ nyan wwgjgj ニャニャ nyanyanya 中毒 gjgjgj
346,moviedata2/sm19918800.jsonl,ヨイサヨイサ bt 天月 まふまふ by ング ty ザッツアイドル ヨイ btb 男子 yy バカハマイオドル tty dt tt bb ヨイサ ttb よいよい
347,moviedata2/sm28074461.jsonl,足柄 那珂 比叡 カレー シャロ 熊野 赤城 睦月 リゼ 秋刀魚 金剛 ガルパンはいいぞ 修理 村田 羽黒 明石 神通 ちゃん 提督 球磨
348,moviedata2/sm5505350.jsonl,のりお バグ モンジャラ ピカチュー おれ 観葉植物 お中元 くず れこ アッー タグ 補欠 大卒 ひで ポケモン ゴスロリ バーロー あわ みもと 新感覚
349,moviedata2/sm13691461.jsonl,ポケモン ポッポ edr かっけ 金銀 gj rr ハイドロポンプ きた タグ 感動 ギター 鳥肌 トラウマ クチバ レッド 初代 通信ケーブル ハイドロカノン チサ
350,moviedata2/sm12359740.jsonl,フラン フランフラン 未来 約束 咲夜 限り ぁぃ レミリア 破壊 まま ロリコン 右手 フロンティア 孤独 ふらん ブニ 職人 果実 ノヽ 東方
351,moviedata2/sm16203010.jsonl,トーマ 歌詞 染香 pv 秋赤音 ダーリン 批判 好き 豪華 コラボ rahwia 調教 wktk パンドラ ハローハロー 王子 jg 素敵 gj ピンドラ
352,moviedata2/sm21224047.jsonl,本家 ミカサ エレン 進撃 ハンジ ふぁ レバニラ かっけ イェーガー 歌詞 サトシ 弓矢 鳥肌 キー 好き ブニ 下手 ここ 妊娠 アルミン
353,moviedata2/sm15874112.jsonl,ステイル ヤンデレ 冷蔵庫 違和感 リライト アンインストール ドラえもん 遊戯王 団長 イカ 木原 ハルヒ 貫通 シーン ガンダム ハガレン なげ 銀魂 ムスカ アジカン
354,moviedata2/sm10879860.jsonl,スザク 魔王 スザクスザク ルルーシュ 工作 スザクスザクスザク 釣り とー 朱雀 宇佐美 世界 すざく ルル ウザク スザクルルーシュ スザクスザクスザクスザク ルル子 ギアス ゼロ お父さん
355,moviedata2/sm30766050.jsonl,舛添 bb レオモン 出荷 編集 ドラゴンオレ あんた 大誤算 コモルー nabo 前編 舛添要一 マンダ ドラゴン バカ ドーピング 小池 出馬 ノノ フライゴン
356,moviedata2/sm31159377.jsonl,レオモン 感動 実況 感動をありがとう ゃちほこ 大誤算 いけいけ コイキング 最高 ブニ 急所 悪魔 きた ちほ おつかれさま 完結 自分語り bb つかれ こちら
357,moviedata2/sm17615260.jsonl,さいき トレーナー 閉店 オワタッコ カイロス カオリ 目押し コクーン ロッテリア エリカ コンパン ストライク パチンカス プラザ ジェスト 春日部 急所 妖艶 村田 ローラ
358,moviedata2/sm22477690.jsonl,レト ピーナッツ キヨ レトルト まめ デデ pp マメ うちわ レトルディ カービィ ツンデデ それ ウィップ 歯ブラシ シタウェイチ アホロア 発音 ワド なるへそ
359,moviedata2/sm11467790.jsonl,ぷよ 雪歩 連鎖 クイック 律子 りっちゃん ジラース あずさ ヘルファイア 春香 致死 ゲル 美希 カウンター 真美 起爆 おじゃま 凝視 千早 ちんこ
360,moviedata2/nm9262049.jsonl,オカリン ダル 助手 まゆしぃ 世界線 中の人 クリス 爆発しろ 黒歴史 ミンゴス スカイフィッシュ 千早 ライトニング メシ リア充 ルカ 岡部 ゲル 料理 オチ
361,moviedata2/sm30692720.jsonl,アクア カズマ ドレッシング 女神 じゃんけん 幸運 ミリオン ジャンケン チート あいこ 確率 キバオウ かずま エリス チーター クソビッチ 恩恵 めぐみん アクシズ ニーター
362,moviedata2/sm29662049.jsonl,ハンサム サカキ タモリ ポケモン ガーディ ロケット団 ジム コイル アメリカ 翻訳 有能 英語 bgm トキワ ウィンディ ウインディ レッド シルフカンパニー 日本 日本語でおk
363,moviedata2/sm29792510.jsonl,ミツル 大誤算 bb レオモン 自演 フヨウ リセット 茶番 怠惰 急所 軍艦 きた 編集 ハチマキ ゃちほこ コイキング いぬ サブマリン アイリ ドーピング
364,moviedata2/sm1660710.jsonl,長門 吉田 空色 ハルヒ ヘカテー wawawa みくる 能登 たん ナガテー 約束 みかん 古泉 りんご ちょw 不思議 そっち vs 谷口 おまw
365,moviedata2/sm12908050.jsonl,ゴリラ 実況 ストーン コイン 坂東 ジャングル ヨッシー ドンキー 競馬 解雇 ごりら きらりん ガード エコー ミション tkg 禁止 カッター wb デュララ
366,moviedata2/sm29435180.jsonl,ポテト マック 決算 そなた タグ ジブリ 平成 おいも マクド 壮大 揚げ モス マクドナルド 久石 イモ 赤字 胡椒 坂本龍一 どん レジ
367,moviedata2/sm8938000.jsonl,fb 紳士 夜這い ak ゾンビ ビッチ きっく wwfb コンタクト タンク エドガー コミケ あくび コメ wwak つば 鼻血 パイパン おたすけ ウィッチ
368,moviedata2/sm27043710.jsonl,キヨ フジ ヒラ 国王 ブニ rr マック それ tnt 奈落 そこ 察し マクド ティッシュ クリーパー 腐女子 ステーション 大臣 豆腐 村人
369,moviedata2/sm14930333.jsonl,ランディ キヨ ランディー 光彦 コナン 犬笛 観覧車 灰原 zz バーロー 解決 錬金術 歩美 元太 博士 茶番 チョッパー 玉ねぎ たまねぎ スペシャル
370,moviedata2/sm19028880.jsonl,ピノキオ ダブルアーツ 次回作 ジャンプ 打ち切り 好き 嫌い 漫画 アイマイナ じゃんぷ 市場 gj バイバイ 間奏 先輩 四ツ谷 ハイキュー 期待 四ッ谷 みえるひと
371,moviedata2/sm14961420.jsonl,オカリン インド ar ダル 世界線 ネタバレ psp シュタゲ 宇宙エンジニア op スルメ コキュートス まゆり スカイクラッド フェイリス どうしてこうなった アイザック 好き 移植 助手
372,moviedata2/sm26325360.jsonl,士郎 アーチャー エミヤ セイバー aimer 願い アヴァロン fate ルート 正義の味方 hf 切嗣 zero ubw ここ 理想 硝子 fgo 自分 衛宮士郎
373,moviedata2/sm28589350.jsonl,カラ松 おそ松 長兄 兄さん ここ ヒュ トッティ カラ子 長男 一松 正論 次男 あんこ 十四松 好き トト子 カラ 波音 チョロ松 神回
374,moviedata2/sm5804510.jsonl,のりお ジャッキー バグ やまもと おk 先生 むてき ポケモン 急所 レベル ひで オワタ つかれ フーディン 回復 れこ つえ あんが みもと pp
375,moviedata2/sm4214377.jsonl,アリス 金貸し サンクス miko 魔理沙 真紅 iosys 霊夢 まんせー イオシス ケチャップ マリアリ コンビニ 人形 旧作 カメコ ピーマン ジャスティス 歌詞 ノーパン
376,moviedata2/sm24842310.jsonl,レト レトルト キヨ pp コイン スター 全身 芸人 平和 穏やか 優しい世界 ゴミ捨て場 ドンキー 奇跡的 連打 しゅん 得意 マス ヨッシー 好き
377,moviedata2/sm21585451.jsonl,ジャン 必死 ライナー あずまんが きーやん 本人 巡回 巨人 察し 半目 アルミン オチ ヤベ 済み お前 口笛 ムスカ 分間 馬面 wwgj
378,moviedata2/sm1579140.jsonl,perfume のっち かしゆか つなぎ ポリリズム キミ ヤスタカ エレクトロワールド チョコレイトディスコ あーちゃん twinkles うなぎ 水道 きた 歌詞 リニアモーターガール 好き ディスコ あちゃん 作業
379,moviedata2/sm31642420.jsonl,そらる まふまふ ふそ らま バイバイバイ 最高 ブニ 立ち入り禁止 atr 砂の惑星 好き イェイ イェーイ ランデブー 大好き すき 二人 砂漠 鳴動 歌詞
380,moviedata2/sm31808640.jsonl,子宮 スプー こと 山羊 maretu 熱盛 密室 みなおし 避妊 ミリオン ここ マヨネーズ 羊水 コインロッカーベイビー そっか ヤギ 偶像 無抵抗 踏切 否認
381,moviedata2/sm27466660.jsonl,解除 トッティ ループ トド松 トッティー 遺伝 foo あざ 天使 失礼 トド すき 兄さん ごらん トッ くまさん 皆様 foofoo サイコパス ユーザー
382,moviedata2/sm7289181.jsonl,レッド ピカチュウ edr ワタル カビゴン lv 一撃 エーフィ バクフーン ポッポ コイキング リメイク ボルテッカー ポケスペ ポケモン ラプラス 手持ち 頂点 サトシ バンギラス
383,moviedata2/sm31700140.jsonl,トマト 命に嫌われている 生きよう 僕ら こと 自殺 自分 冨岡 相談 誰か 歌詞 いじめ いつか 殺戮 本家 それ 明日 エゴ 貴方 周り
384,moviedata2/sm28104000.jsonl,兄さん おそ松 カラ松 一松 天使 長男 おそ子 好き あるある そ子 ここ ちょん 姉さん チョベリバ それ 言い方 カラ子 うふ ローション パーカー
385,moviedata2/sm8228650.jsonl,ジミー ルカ 歌詞 職人 rad 生き方 logic gj 神様 大体 不完全 nologic 完璧 元気 ミリオン 一つ一つ ギター いつか こと mirai
386,moviedata2/sm18942090.jsonl,我愛羅 夜叉丸 ナルト ミナト 石田 クシナ イタチ サスケ 風影 サクラ 九尾 代目 封印 キー 死神 尾獣 木の葉 ガアラ 犠牲 火影
387,moviedata2/sm3200040.jsonl,ラフメイカー ドア バンプ アリス オマージュ パクリ ラクトガール bump 魔理沙 まりお 鈍痛 許可 gj ルーミア 東方 歌詞 ラフ 冗談 アドア パチュリー
388,moviedata2/sm17923118.jsonl,キッス ランターン ハヤシ ラティ ゾロアーク 白い悪魔 シュバルゴ ゲイ 相手 東大 あるある 悪魔 刺身 バージニア レサレサ 対策 ハリ スターミー トールギス ドクロッグ
389,moviedata2/sm8025400.jsonl,わくちん りえる きんにく 人人 デストレード ミルタンク スリープ たみふる ドリエル たみ 無理 チコ アカネ フラグ 愛護 合コン ワンリキー ケーシィ れん デストレ
390,moviedata2/sm21513190.jsonl,貴音 遥貴 コノハ カゲプロ バナナマン たかね しづ はるか 音貴 エネ じん 天使 好き 太陽 リア充 遥か ミリオン バナナマーン 夕景 はるた
391,moviedata2/sm23261650.jsonl,ヤドン ポケモン 追記 コインケース tas マダツボミ 金銀 時間 急所 儀式 ラスボス nkt エンカウント いかり アメリカ pr ワニノコ ハッキング 人工芝 オタチ
392,moviedata2/sm3884025.jsonl,カレン アーニャ ロロ ジノ シャーリー 雑巾 ナナリー マリアンヌ ギアス オレンジ ジョイ おまけ サヨコ 顔芸 天子 皇帝 オナニーナ スザク ロリコン ルル
393,moviedata2/sm29876900.jsonl,ミミッキュ ピカチュウ サン ムーン ポリゴン yo ラップ 怠惰 交換 ペヨンジュン 児島 おk レート 仲間 ポケモン 水曜日のカンパネラ 中身 見えざる手 ゴースト おひさま
394,moviedata2/sm2310110.jsonl,フラン 妹様 フランフラン まりお 弾幕 オーエン 危険 オオ カオス 破壊 鬼畜 狂気 ドル 中道 pad 花宮 めるぽ フラ ドナルド りら
395,moviedata2/sm10533990.jsonl,fb きっく ゾンビ アドレナリン ブーマー パイプ チャージャー wwfb ff サンドウィッチ ミリオタ 回復 昭和初期 鎮痛剤 的確 サンドイッチ ma ヤク 体力 くん
396,moviedata2/sm27140340.jsonl,足音 心電図 カット 純一 実家 波形 うんこちゃん いらいら 不整脈 ブニ ここ ペースメーカー パニック プレイ ゲーム ダム 健志 ファンブック 馬鹿 動画
397,moviedata2/sm6696570.jsonl,クリスチーヌ クリオ マリスト クリコ 僥倖 マリオ zz クッパ キャシー 金塊 後ろ パレッタ ピーチ みょん コイン ガード 絞首台 ワンピース ラスボス いつここ
398,moviedata2/sm23985500.jsonl,まふまふ 天月 あまつき 天使 当時 最高 茶々 大好き ごま 好き ミリオン ふつ イラスト イケボ 二人 ふく まちゅ くん まふてる 笑顔
399,moviedata2/sm25306420.jsonl,マリオ ジャンプ まめ クッパ rpg キノピオ ピーチ キノコ フラワー ハンマー ゲーム アテレコ 魔法 倭寇 神ゲー bgm スクウェア ボス カリ 攻撃
400,moviedata2/so27083910.jsonl,ザック エディ レイ on レイチェル じゃがいも かっけ キヨ led ツンデレ rr ツンデレエエ noo no ざっく カボチャ 電池 yes 漫画 ヤンデレ
401,moviedata2/sm26159430.jsonl,きっく みち fb マイクラ 無事 天井 アポロ パパ キッチン 不知火舞 ひろ そう ゾンビ 屋根 建築 デジャヴ 哲学 ビットワールド ブロック 幸運
402,moviedata2/sm18631620.jsonl,デフォルト まふまふ 天月 あまつき 黄色 カラフル デフォルトデフォルトデフォルトデフォルトデフォルト 最高 白鳥 ピンク コメ 宿題 告白 勉強 少年少女 イケボ かっけ gj あか 合図
403,moviedata2/sm12374084.jsonl,マヨラー まよ マヨ ソース ステイル ノーパーン ノーパン 答え 空耳 土御門 贈り物 パーン stay そーす ループ 天使 一方通行 ぱあ あまよ ノー
404,moviedata2/sm10889370.jsonl,明晰夢 金縛り 作業 リダンツ 三三 離脱 さぎょう きた コメ わらい 明晰 カウント 洗濯機 警告 画像 音量 作業用bgm みんな コメント 自己嫌悪
405,moviedata2/sm24523100.jsonl,野崎 みこりん 千代 前野 鹿島 パラス マミコ ラブコメ まみこ ちゃん 波動 まみ スチル モブ くん 先輩 宮野 原作 しば リボン
406,moviedata2/sm14926860.jsonl,レン イケレン レンレン 低音 たま ミク gj wktk れんれん くん れん 腐女子 かっけ キス nem ry jg wryywryy hshs wryy
407,moviedata2/sm34214810.jsonl,レン まふまふ うぽつ ジグソー ジグザグ 好き ピース リン パズル アイノウ くん ボク すき 歌詞 寺田てら ここ いつだって キリン メスフラスコ 神曲
408,moviedata2/sm28018250.jsonl,まーさ クリア 鬼畜 中間 天才 コース さだまさし ヨッシー ミドナ キック 時間 yataa ステージ ギギアル 製作 スピン 見殺し 生放送 マリオ 作者
409,moviedata2/sm4656118.jsonl,アリカ リボーン 六道輪廻 歌詞 復活 六道 自重 アリプロ クフフ 赤字 ナッポー 生まれ 手探り 追憶 曲がり角 リボ 粒子 職人 あの世 肉体
410,moviedata2/sm11230780.jsonl,やらないか 阿部 ヒラ アッー キヨ ラルフ 青鬼 ヤラナイカ えりか たけし イケボ フジ はらわた ないか エリカ アーッ アー グラ ヨキ wwbgmww
411,moviedata2/sm29837060.jsonl,カガリ 通訳 ジュカイン ホムラ マグマ エンゲイジ グラードン ユウキ マツブサ ドリル アクア 主人公 アナライズ ピジョン 潜水艦 モナド サンド ゴジラ 英語 リメイク
412,moviedata2/sm11982230.jsonl,成仏 般若心経 木魚 ミク 智慧 実体 坊さん 真言 蝉丸p 般若 悟り 苦しみ 裏打ち ミリオン 三回忌 かつら 葬式 ぎゃ はんにゃ こと
413,moviedata2/sm24022090.jsonl,レト キーマン レトルト キヨ コイン pp 音声認識 サイレン クッパ 実況 茶番 テレサ 全身 運ゲー 方言 不戦勝 脱税 電話 カンニング ヨキ
414,moviedata2/sm12798100.jsonl,ポコピー ブロリー ママンクス ジャイアン ネズミ マルチメディア 昼寝 ムシケラ イケメン ハグ 血祭り ドラえもん カカ シャモ 吐血 歌詞 ピッコロ カカロット イケメンブロリー ポッド
415,moviedata2/sm22735360.jsonl,クッパ サラダバー パーティー fb 幹事 きっく ざわざわ パーティ 先生 ぼっち 合コン王 ゲーム 空気 あい フブ マス 素直 察し wwfb 味方
416,moviedata2/sm6395940.jsonl,千早 ちんこう 春香 真美 ちんこ りっちゃん はるるん フラグ 美希 社長 亜美 うp ぷよ 移籍 律子 伊織 ケッ ひで 棒読み ヤッタネ
417,moviedata2/sm4236176.jsonl,ait ing ホワァ ur og あなた you forth ゆかりん emy in ババア yo me th the love im 幼女 do
418,moviedata2/sm13673650.jsonl,ぴーす きっく 散弾 ぶひ psuke fb 移動 尻尾 レウス らんま お前 毒舌 武者 青春 定規 回復 自己紹介 ばす 地雷 ダメギ
419,moviedata2/sm26865130.jsonl,クジラックス 人妻 ハイエース 違法 惣一郎 ほたるん 未亡人 がい 放射能 測定 ペチ マリッジブルー 洗濯屋ケンちゃん 太郎丸 奥さん エロい フェチ めぞん一刻 管理人さん でっち
420,moviedata2/sm26396960.jsonl,キヨ ヒラ フジ ゾンビ 村人 協会 tnt 教会 三日月 コミ ジョッキー ポーション 徹子 きた ヒジキ ヒラミッド 破滅 神殿 ウォール 海底
421,moviedata2/sm9809880.jsonl,梨本 死んでもいい 拒否 自殺 リスカ ポガティブ 赤字 歌詞 joy こと 自分 ミク 勇気 配信 勝手 友達 共感 ツンデレ うつ病 最後
422,moviedata2/sm17629610.jsonl,ゼブライカ 外道 ドリュウズ クソダック ゲス 鉄砲 島津 悲劇 タブンネ 竹中 イカ ゲンガー バルジーナ 名声 くず 半兵衛 当たり前 その他 内政 技術
423,moviedata2/sm11970630.jsonl,gumi pv 中毒 gj 初見 緊急事態 ぐみ かっけ バラード 好き グミ マイリス ピアノ いいね jg 発生 worning ロゼッタ wktk コピー
424,moviedata2/sm16098496.jsonl,雑種 おじさん 黄色 wwbgmww ギルゲイツ ギル イリヤ 画質 ゴミ箱 ゲイツ 無休 遊園地 gj 笑顔 bgm 緊張感 平和 ども エクスカリバー bgmww
425,moviedata2/sm17426140.jsonl,発狂 ヒラ キヨ フジ こーすけ ひy 豪遊 くしゃみ ボロドー rr ステマ コイン 腐女子 宣伝 カイジ ハッピーターン ピーチ ラブホ ホテル ホモ
426,moviedata2/sm19870840.jsonl,自分 こと コメ 友達 自殺 いじめ 無職 ぼーろ 綺麗事 相談 それ 幸せ 自称 共感 みんな リスカ ここ 人生 お前 世界
427,moviedata2/sm26882240.jsonl,うんこちゃん 心拍数 バッテリー アパート デブ 心臓 メトロノーム キヨ スウェイ 大谷 お前 大丈夫 カエル 捕食者 幽霊 実況 純一 ニタァ 回避 ジャンプ
428,moviedata2/sm20825700.jsonl,地元 キヨ 徳政令 時代 カード レト ボンビー 桃鉄 pp レトルト わさん 金沢 絶好調 銀河鉄道 新潟 きた 宮崎 周遊 空気 倉敷
429,moviedata2/sm27561590.jsonl,カラ松 一松 チビ太 ハタ おそ松 エロい チョロ松 カラ カラマツ ハタハタ スルー 静寂 ジョ ここ 兄さん 十四松 好き ケツ 石臼 孤独
430,moviedata2/sm21564830.jsonl,キヨ べべ 山下 ヨキ マツコ 本棚 イケボ 先輩 ヴィオラ モナリザ アメブロ ヒー コー 武蔵 サムネ 鬼ごっこ メアリー グラピ ごはんですよ タグ
431,moviedata2/sm15878480.jsonl,合体 キサラギ orz 閣下 グレンラガン ゼノグラシア arcadia 公式 rec ロボ ストラップ アズサイズ 七英雄 アルカディア スパロボ インベル アホ毛 吸収 参戦 これはひどい
432,moviedata2/sm20503130.jsonl,トーマ りゅう まどマギ くま 魔法少女 魔女 toi ミリオン gj クマ 好き 時時 ここ カゲプロ イヌカレー シャフト くまさん プリキュア ヒヨリ 魔法
433,moviedata2/sm29133780.jsonl,クロエ マックス モルヒネ クレヨン イーサン アーロン 純一 サイコパス チャック 衛門 医療従事者 すべ gm ジョイナス スクエニ シロエ 写真 ショーン ヘビーレイン イラマチオ
434,moviedata2/sm19553310.jsonl,千早 凝視 カウンター 亜美 ぷよ 連鎖 あずさ ぷよぷよ 半年 雪歩 小鳥 勝負 ローソン 美希 ダブ 心理戦 相手 最速 真美 人外魔境
435,moviedata2/sm29365377.jsonl,レム スバル エミリア 天使 リゲル rmt 結婚 怠惰 レムりん おっぱい スピカ カララギ デモ スキ ヒロイン 鬼嫁 ナツキレム if ラインハルト ベッド
436,moviedata2/sm27587710.jsonl,イヤミ チビ太 トッティ おそ松くん ダヨーン おそ松 パン デカ おそ松さん 全員 メタル 成長 トド松 ハタ 昭和 しっぽ おでん 円札 一松 十四松
437,moviedata2/sm17619510.jsonl,ピノキオ 愛のカタチ ラブソング gj ノハイ 弾幕 ししゃも 歌詞 れあ ハイノハーイヽ ピノ 好き 音頭 かずま ハート それ いいね wktk ミク アイマイナ
438,moviedata2/sm20810930.jsonl,ドラえもん のび太 セワシ ブニ どらえもん ドラ 感動 どら あやとり 射撃 涙腺崩壊 ドラエモン しずかちゃん 歌詞 tt ネトゲ ネタ ここ gj ミリオン
439,moviedata2/sm16785026.jsonl,ガストン きた アラジン 山ちゃん シンバ 好き スカー ラプンツェル ライオンキング ディズニー アリエル ベル ユージーン ムーラン ジャスミン ルミエール 杉田 作業 大好き ジーニー
440,moviedata2/sm29662026.jsonl,ピカチュウ レッド ネプリーグ アメリカ トレーナー ゲンガー ウルガモス トゲピー サトシ ピカ 伝説 英語 なつい ポケモン ジガルデ ネズミ 演出 鳴き声 サキ ダイノーズ
441,moviedata2/sm25187377.jsonl,サスケ サクラ 作画 ナルト リー カカシ 写輪眼 連弾 チャクラ 手裏剣 bgm 我愛羅 大蛇丸 ここ 獅子 体術 忍者 テンポ 好き ネジ
442,moviedata2/sm24230880.jsonl,テニヌ ドラえもん 夏休み 戦闘機 合宿 戦車 警察 強盗 ダイナミック フリーザ cmoon バス ヘリ gta ブッピガン bgm カオス キャンプファイヤー オペレーションメテオ そう
443,moviedata2/sm21399840.jsonl,ピアノ 奇行 楽譜 まらしぃ 結婚 自由の翼 耳コピ 進撃の巨人 エレン ここ 残像 イェーガー 標的 紅蓮の弓矢 暗愚 左足 ペダル 歌詞 獲物 wirsinddiejaeger
444,moviedata2/sm5733940.jsonl,フランフラン レミリア メダパニ フラン 幻影 英語 空耳 warning もも 発音 倍速 歌詞 高齢化 おk イニd お嬢様 ミリオン 東方 ダンダン アウェイ
445,moviedata2/sm3758450.jsonl,アリス バカイト 不思議 ハッピーエンド 番目 ロードローラー みゅー レン ミク 日本 おつまみ いも 解釈 解雇 レッドカーペット 卑怯 けんぴ 生殺しp レンレン 片手
446,moviedata2/sm23510280.jsonl,キヨ しな おk いしころ 石ころ 女子力 ストーカー セーブ 無限ループ 職人 見殺し 無視 そっち zz 物理 奥華子 だっちゅーの やつ 察し フラグ
447,moviedata2/sm27185070.jsonl,フジ スピン ブニ ドッスン 悪夢 キヨ コース クリボー rr ドクロ 慣性の法則 マリオ 富士山 そうそう haha ステージ 孔明 センス ニブ 小声
448,moviedata2/sm5483070.jsonl,アリス うさぎ 番目 不思議 おk ウサギ レン gj ミク 双子 薔薇 ダウト 鳥肌 真っ赤 兄さん うさ アニメ トランプ 一輪 女王
449,moviedata2/sm12433660.jsonl,トサキント エコー きた 処理落ち ヨッシー アムロ ポリゴヌ 五反田 フラグ 坂東 wwv ガメックス りんこ キャプセル カット でっていう コイン うんこちゃん ラッキー キター
450,moviedata2/sm26336520.jsonl,ピーチ fb きっく 王冠 サイコパス マリオ キノピオ 図鑑 カオス スマブラ 情熱 ルイージ 先生 自殺 ピノキオ 初見 wwfbww あい wwfb ハンマ
451,moviedata2/sm25139160.jsonl,レト pp 自演 レトルト キヨ コイン マイク ボスラッシュ スター イチゴォ ヘイホー wwpp ジュゲム 映画化 そう 職人 絶望 ngワード ミニクッパ 決闘
452,moviedata2/sm1697040.jsonl,タキシード仮面 haha 変態 仮面 ミク 歌詞 紳士 タッシーロ ha らぶ 落書き タキシード 乙女 腹筋 職人 不届き おまえ 提供 うp主 ロリコン
453,moviedata2/sm11613020.jsonl,kowai 鬼太郎 ユルサ 人形 注意 青鬼 先生 音量 ナイ 綾乃 ヒラ フジ フラグ いい最終回だった トラウマ 初見 こーすけ キヨ 姉ちゃん ちゃん
454,moviedata2/sm19881130.jsonl,十傑集 レッド アルベルト コエンシャク ビッグファイア 十常侍 樊瑞 自然 残月 ニーサン アイドル 会話 事務所 直系 違和感 孔明 ヒィッツ ポスター 幻夜 赤影
455,moviedata2/sm38368400.jsonl,沙都子 梨花 見沢 ルチーア 勉強 圭一 ここ 観光大使 ループ 詠唱 レナ 判断 鉄平 親友 用水路 北条 ちゃん 草草 正論 デュエル
456,moviedata2/sm3430740.jsonl,チルノ あにー さる チルノチルノ カエル のっち カラス 魔理沙 ぉい 職人 まりさ コップ あたい 風に乗って 諏訪子 わがまま 一人 あやや てめえ そう
457,moviedata2/sm18991041.jsonl,レン リン イケレン 使者 りんちゃん ぼたもち ノヽ wktk ヤダ あご 家来 ハニワ ダンガンロンパ ダンロン 弾幕 レンレン 初見 gj 天使 イケメン
458,moviedata2/sm28698420.jsonl,スバル em mt te 怠惰 エミリア スキ emt レム temtemtemtemtemtemtemtemt スバルスバルスバルスバルスバルスバルスバルスバル 勤勉 すばる たん モブリア emtemtemtemtemtemtemtemt おたんこなす 吧你 めぐみん emtemt
459,moviedata2/sm20571480.jsonl,ランターン ハヤシ 相手 ブシン シャンデラ 月光 バスラオ 乱舞 東大 マルフォイ レート フリー ドンカラス モス ヘルガー 身代わり 宿題 サンドパン 悠長 ホリススム
460,moviedata2/sm24548980.jsonl,セグウェイ ドラゴン ビオランテ アブ 地味 ホッピング 拓也 犠牲 トナカイ 人生 ホイール 回避 呪い サンタ 犬かき チェックポイント ヘルメット ゴール トンボ 芝刈り機
461,moviedata2/sm25872280.jsonl,パズル tiktok 好き ガール 歌詞 告白 ミク しっし 綺麗 あとあと いっか 共感 大好き 弾幕 もの 泣き虫 好きな人 はち 素敵 みたい
462,moviedata2/sm4310110.jsonl,三脚 クレラップ 時間 まらしぃ カルピス 耳コピ にゅーくれらっぷ ピアノ 練習 广卞 与本 亠卉 固定 二上 捜索 妹紅 カコナール 卉亠 广下 絶対音感
463,moviedata2/sm34351020.jsonl,裏千家 センラ 巻舌 好き うぽつ すき 最高 うらたん 最後 巻き ooo 相性 かっこ ツーマン stt 大好き よすぎ ハモリ エンドロウル ここ
464,moviedata2/sm4030410.jsonl,トゥメ 足湯 小太鼓 クラッカー トゥ 伊豆 船越 バナナワニ園 所沢 うえ ギター イーズ 特有 ピック ふところ うえだゆうじ ひょうきん かっぺ ださん 横山
465,moviedata2/sm22644540.jsonl,キヨ レト ラスボス デデ pp ニンジャ カービィ レトルト マホロア 忍者 無敵 タグ かっけ ランディア マルク bgm ニンジャアア メタ ボス ここ
466,moviedata2/sm35840490.jsonl,煉獄 れんごく 年齢制限 映画 あかざ 伊之助 デマ 猗窩座 コロナ 鬼滅の刃 呼吸 れんご ネタバレ 列車 キッズ 公開 ぜんいつ 上弦 えんむ 汽車
467,moviedata2/so19177690.jsonl,てーきゅう 花澤 レズ キマシ 変態 パンツ テニス 先輩 資本主義 ホモ 伊藤かな恵 逮捕 無料 オープン op ファッ アニメ アース ルーツ 作画
468,moviedata2/sm18473280.jsonl,きた bw 増田 ゲーチス 廃人 ポケモン ここ 好き リメイク bgm トラウマ 大誤算 アデク 一之瀬 金銀 アレンジ きたあ 作業 rr 神曲
469,moviedata2/sm27782950.jsonl,充電 松電 じゅうでん 青森 siri ヨイトマケ バルバロイ マオリ 人類 千秋 蘭子 最後 game 十四松 カレンダー パンパン フル イーピン ヒルズ 電池
470,moviedata2/sm35829317.jsonl,まふまふ 女の子 お誕生日おめでとう 国歌 国家 ボク 女子 シンデレラ ワンツースリー お願 男の子 茶々 性別 誕生日 ナイショ まふてる ごま 天使 スレマ まふゆ
471,moviedata2/sm2193140.jsonl,スネーク 大佐 らりるれろ アイク シーク スリッピー ゼルダ 華奢 ヤラレチャッタ ピット 左下 任天堂 ナルシスト クローン メタナイト メタ様 魔法 コスプレイヤー 計画 フシギソウ
472,moviedata2/sm5848560.jsonl,デフォルト ディズニー 復活 ヴィランズ ファンテ パレード ミニー ファンティリュージョン 悪役 鳥肌 きた マレ パリ ここ ジャ 署名 プリンセス 感動 エレクトリカル フロート
473,moviedata2/sm6290451.jsonl,東方 ポケダン ポケスペ 大誤算 レッド ミカン シロナ ジュプトル 救助 イエロー アレンジ マーズ ナツメ きた カスミ アカギ ソルロック コクラン わっしょい ワタル
474,moviedata2/sm29681980.jsonl,レム スバル 怠惰 画質 ゼロ 二期 mad ワンオク レムりん マイファス エミリア リゼロ iw ナツキスバル 円盤 il 鳥肌 最高 web prove
475,moviedata2/sm8839280.jsonl,ダメタマゴ パシリ ゴージャス ミカン しんぴ ミナキ エース 麻生 やさしさ 解雇 ギャラドス コイル ヌブズ やまもと ワタル カイリュー 派遣 きんにく おk pp
476,moviedata2/sm30786580.jsonl,アクア 女神 ウィズ エシディシ 浄化 アクシズ のび太 お湯 教徒 聖水 温泉 エリス ノーパン 野々村 はいてない 入信 カズマ キリスト 効能 現世
477,moviedata2/sm3338980.jsonl,前田 摂政 曽良 カイザー 太子 グォレンダァ 全裸 ロイド クマ フフ おぱんつ 摂取 腹筋 ヴァロン 父さん 装着 ヒュースケン グアム 初っ端 中身
478,moviedata2/sm11045496.jsonl,きた 作業 ポケモン dp サトシ ag おk タケシ 好き 神曲 ウーイエ 当時 世代 水の都 ワイルド 映画 きたあ ねえさん キター ハルカ
479,moviedata2/sm24102047.jsonl,倍速 tas 田中 バグ 追記 ギエピー ポケモン 急所 エンカウント 進化 ミュウ ココリコ fifth アメリカ 小栗旬 bb 初代 タケシ ターボール ミニスカ
480,moviedata2/sm29324276.jsonl,田舎 ポケモンgo ポケストップ 姉さん ドードー スマホ 歩きスマホ それ ポッポ ミュウツー go コイキング 都会 カイリュー ポケモン 醤油 ブニ 替え歌 ニート うんこ
481,moviedata2/sm7415020.jsonl,置き去り 悪ノp ミク 果実 イヴ リンゴ 原罪 クマ メイコ アイス 持ち方 レン 子供 くま カイト 鈴ノ助 小瓶 リン レンゴ meiko
482,moviedata2/sm17378290.jsonl,さいき ええん 自爆 きし ちゃん じん つえ シロナ お前 きしめん ヤナギ 物理 稼ぎ ミカン キングドラ フラグ ミカンミカンミカンミカン ブラック ニューラ がん
483,moviedata2/sm27620680.jsonl,歳児 厳選 視聴者 音量 実況 金平糖 チョロギ ポケモン グロス 編集 ズンチ 金朋 こんぺいとう 草草 覇王 脱臼 普通 そう 統一 グレンラガン
484,moviedata2/sm22099720.jsonl,ドラクエ 原曲 アレンジ 母港 モンハン 建造 艦これ 大河ドラマ 艦隊 工廠 魚雷 出撃 壮大 サクラ大戦 勝利 夕立 提督 那珂 夜戦 bgm
485,moviedata2/sm25468118.jsonl,ナルト サスケ サクラ チョウザ カカシ 大蛇丸 自来也 イタチ シカ 戦闘シーン 千鳥 マル 開眼 キバ ここ しない シーン 螺旋 空間 テマリ
486,moviedata2/sm21213049.jsonl,エレン 歌詞 サンホラ イェェガァァ 殺意 エーレ revo 紅蓮の弓矢 狩人 ドイツ語 間奏 獲物 フル ギター 巨人 pv ジャン レバニラ 二番 full
487,moviedata2/sm2286030.jsonl,アヴリル sum デリック しじみ きた th 俺の嫁 nt ing is 空耳 et you on 作業 ca he アブリル intoodeep to
488,moviedata2/sm736760.jsonl,キョン 長門 ナイフ ひで ひぐらし オワタ 死亡フラグ おまw みくる フラグ 朝倉 助け うめ ちょw ハルヒ うは 死亡 らめ うめぇ アッー
489,moviedata2/sm27815010.jsonl,フジ キヨ ブニ トゲゾー コース バネ 桃井かおり タイミング クッパ 魑魅魍魎 甲羅 バルタン星人 スピン 重要 パー子 ヨッシー キノコ ニゴ マリオ haha
490,moviedata2/sm24460038.jsonl,アブ 息子 肉片 ジャスティンビーバー eco モーガンフリーマン おもり クマー ペド ボス 自転車 デブ 野々村 脱衣 岸田メル 加藤鷹 ビッグフット jb セグウェイ 重り
491,moviedata2/sm11998050.jsonl,黄色 先輩 成仏 般若心経 モン 苦しみ クワガタ 釈迦 般若 かっけ 菩薩 boz ロック 全て gj この世 歌詞 方法 涅槃 般若波羅蜜
492,moviedata2/sm11487190.jsonl,ガンダム カミーユ ブライト アムロ ヤザン ms ザク ガロード シーブック seed ウッソ ジュドー ハッチ 主人公 作画 キラ きた ティファ サエグサ bgm
493,moviedata2/sm20593300.jsonl,イェェガァァ イェーガー 紅蓮の弓矢 だお 安寧 虚偽 レバニラ 覚悟 イェェガァァア 城壁 作業 繁栄 弓矢 反撃 イエエガアア 家畜 屈辱 イェェェェガァァ 自由 花の名前
494,moviedata2/sm16400790.jsonl,ランターン えすて ゴローニャ パチモン てりや ハヤシ ズッバァー トゲピー エモンガ 東大 特定 マンダ ドワッジ チリーン 調整 えんにち フラグ 相手 シャンデラ マジガ
495,moviedata2/sm5408420.jsonl,ルル ルルーシュ 太平洋 ひで ギアス ローゼン 触手 スザク みのりん シスター おまw タママ じゃがいも 仮面 翠星石 外道 ワークマン tee おまえ 雛苺
496,moviedata2/sm10116060.jsonl,美琴 黒子 俺の嫁 職人 木山 初春 レールガン 禁書 上条さん そげぶ 原木 ゥゥン りっちゃん 鳥肌 超電磁砲 aa さてん 御坂 五和 きた
497,moviedata2/sm20715461.jsonl,サシャ 巨人 エレン ベルトルト ミーナ フラグ 駆逐 ネタバレ 駆逐系男子 画伯 トーマス 超大型巨人 かっけ ざわざわ コニー 立体 作画 お肉 ぶり 芋女
498,moviedata2/sm3120540.jsonl,一番 シャーリー ユフィ ルル 解読不能 モザイクカケラ ルルーシュ ギアス ピカレスク colors masquerade stories 一番勇侠青春謳 callin alone ロロ innocent 好き 歌詞 スザク
499,moviedata2/sm8491290.jsonl,you th the er he is ing to nt 作業 ボサノバ on 原曲 ul ur at yo et エミネム and
